2973,http://externaltests.dev.kaltura.com/player/library_Player_V3/smartPages/Player_V3_generic_page.php?adTag=noAd&stPr1=hls&stPr2=dash&stPr3=progressive&deb=on,V3 - Replay - HLS,Basic Playback
2974,http://externaltests.dev.kaltura.com/player/library_Player_V3/smartPages/Player_V3_generic_page.php?adTag=noAd&adTag=noAd&stPr1=hls&stPr2=dash&stPr3=progressive&deb=on,V3 - Seek playback - HLS ,Basic Playback
2975,http://externaltests.dev.kaltura.com/player/library_Player_V3/smartPages/Player_V3_generic_page.php?adTag=noAd&stPr1=hls&stPr2=dash&stPr3=progressive&deb=on,V3 - Full Screen - HLS,Basic Playback
2977,http://externaltests.dev.kaltura.com/player/library_Player_V3/smartPages/Player_V3_generic_page.php?adTag=noAd&stPr1=hls&stPr2=dash&stPr3=progressive&autoPlay=on&deb=on,V3 - Auto Play - HLS,Basic Playback
2978,http://externaltests.dev.kaltura.com/player/library_Player_V3/smartPages/Player_V3_generic_page.php?adTag=noAd&stPr1=hls&stPr2=dash&stPr3=progressive&muted=on&deb=on,V3 - Auto Mute - HLS,Basic Playback
2979,http://externaltests.dev.kaltura.com/player/library_Player_V3/smartPages/Player_V3_generic_page.php?adTag=noAd&entryId=tstAudEnt&stPr1=hls&stPr2=dash&stPr3=progressive&deb=on,V3 - Playing audio - HLS,Basic Playback
2981,http://externaltests.dev.kaltura.com/player/library_Player_V3/smartPages/Player_V3_generic_page.php?adTag=noAd&stPr1=hls&stPr2=dash&stPr3=progressive&deb=on,V3 - Volume - HLS,Basic Playback
2983,http://externaltests.dev.kaltura.com/player/library_Player_V3/smartPages/Player_V3_generic_page.php?adTag=noAd&stPr1=hls&stPr2=dash&stPr3=progressive&deb=on,V3 - Playhead - HLS,Basic Playback
2984,http://externaltests.dev.kaltura.com/player/library_Player_V3/smartPages/Player_V3_generic_page.php?adTag=noAd&stPr1=hls&stPr2=dash&stPr3=progressive&deb=on,V3 - Hover - HLS,Basic Playback
2989,http://externaltests.dev.kaltura.com/player/library_Player_V3/smartPages/Player_V3_generic_page.php?adTag=noAd&stPr1=hls&stPr2=dash&stPr3=progressive&deb=on,V3 - Flavor selector - HLS,Basic Playback
2992,http://externaltests.dev.kaltura.com/player/library_Player_V3/smartPages/Player_V3_generic_page.php?adTag=noAd&stPr1=hls&stPr2=dash&stPr3=progressive&deb=on&entryId=tstAud,Multiple Audio Track - FlavorSelector - HLS ,MultiAudioTracks
2993,http://externaltests.dev.kaltura.com/player/library_Player_V3/smartPages/Player_V3_generic_page.php?adTag=noAd&stPr1=hls&stPr2=dash&stPr3=progressive&deb=on,V3 - Dynamic embed ,Basic Playback
3001,http://externaltests.dev.kaltura.com/player/library_Player_V3/smartPages/Player_V3_generic_page.php?adTag=noAd&stPr1=hls&stPr2=dash&stPr3=progressive&deb=on,V3 - Flavor Selector with switch - HLS ,Basic Playback
3030,http://externaltests.dev.kaltura.com/player/library_Player_V3/smartPages/Player_V3_generic_page.php?adTag=noAd&stPr1=hls&stPr2=dash&stPr3=progressive&deb=on&entryId=tstKliveDvr,V3 - HLS - Kaltura live with DVR - flavor manual changes ,Live
3031,http://externaltests.dev.kaltura.com/player/library_Player_V3/smartPages/Player_V3_generic_page.php?adTag=noAd&stPr1=hls&stPr2=dash&stPr3=progressive&deb=on&entryId=tstKliveDvr,V3 - HLS - Kaltura live DVR - network disconnected,Live
3034,http://externaltests.dev.kaltura.com/player/library_Player_V3/smartPages/Player_V3_generic_page.php?adTag=noAd&stPr1=hls&stPr2=dash&stPr3=progressive&deb=on&entryId=tstKliveDvr&adTag=preWithSkip,V3 - HLS - Kaltura LIve DVR with DFP pre-roll ,Live
3035,http://externaltests.dev.kaltura.com/player/library_Player_V3/smartPages/Player_V3_generic_page.php?adTag=noAd&stPr1=hls&stPr2=dash&stPr3=progressive&deb=on&entryId=tstKlive,V3 - HLS - Kaltura Live without DVR ,Live
3036,http://externaltests.dev.kaltura.com/player/library_Player_V3/smartPages/Player_V3_generic_page.php?adTag=noAd&stPr1=hls&stPr2=dash&stPr3=progressive&deb=on&entryId=tstKliveDvr,V3 - HLS - Kaltura Live with DVR,Live
3042,https://externaltests.dev.kaltura.com/player/library_Player_V3/smartPages/Player_V3_generic_page.php?cdnUrl=testSec&partnerId=4171&uiConfId=testDrm&entryId=tstDrm&stPr1=def&stPr2=def&stPr3=def&txtLang=default&audioLang=default&a_s=0&adTag=noAd,Dash_DRM - Inbound Subtitles ,DRM
3043,https://externaltests.dev.kaltura.com/player/library_Player_V3/smartPages/Player_V3_generic_page.php?cdnUrl=testSec&partnerId=4171&uiConfId=testDrm&entryId=tstDrm&stPr1=def&stPr2=def&stPr3=def&txtLang=default&audioLang=default&a_s=0&adTag=noAd,Dash_DRM - Seek ,DRM
3044,https://externaltests.dev.kaltura.com/player/library_Player_V3/smartPages/Player_V3_generic_page.php?cdnUrl=testSec&partnerId=4171&uiConfId=testDrm&entryId=tstDrm&stPr1=def&stPr2=def&stPr3=def&txtLang=default&audioLang=default&a_s=0&adTag=vmPreMidPost,Dash_DRM - DFP pre-mid-post ,DRM
3045,https://externaltests.dev.kaltura.com/player/library_Player_V3/smartPages/Player_V3_generic_page.php?cdnUrl=testSec&partnerId=4171&uiConfId=testDrm&entryId=tstDrm&stPr1=def&stPr2=def&stPr3=def&txtLang=default&audioLang=default&a_s=0&adTag=noAd,Dash_DRM - MultiAudio tracks,DRM
3048,http://externaltests.dev.kaltura.com/player/library_Player_V3/smartPages/Player_V3_generic_page.php?adTag=noAd&stPr1=hls&stPr2=dash&stPr3=progressive&deb=on,VOD - HLS - Kaltura stats playback ,Analytics
3055,http://externaltests.dev.kaltura.com/player/library_Player_V3/smartPages/Player_V3_generic_page.php?adTag=noAd&stPr1=hls&stPr2=dash&stPr3=progressive&deb=on&Youbora=on&entryId=tstKlive,Live - Kaltura without DVR - stats - playback ,Analytics
3057,http://externaltests.dev.kaltura.com/player/library_Player_V3/smartPages/Player_V3_generic_page.php?adTag=noAd&stPr1=hls&stPr2=dash&stPr3=progressive&deb=on&Youbora=on&entryId=tstKliveDvr,Live - Kaltura with DVR - stats - playback ,Analytics
3058,http://externaltests.dev.kaltura.com/player/library_Player_V3/smartPages/Player_V3_generic_page.php?adTag=noAd&stPr1=hls&stPr2=dash&stPr3=progressive&deb=on&Youbora=on&entryId=tstKliveDvr,Live - Kaltura with DVR - stats - seek,Analytics
3063,http://externaltests.dev.kaltura.com/player/library_Player_V3/smartPages/Player_V3_generic_page.php?adTag=noAd&stPr1=hls&stPr2=dash&stPr3=progressive&deb=on&entryId=tstKlive,V3 - HLS - Kaltura Live without DVR - 2 sec chunk ,Live
3070,http://externaltests.dev.kaltura.com/player/library_Player_V3/smartPages/Player_V3_generic_page.php?adTag=noAd&stPr1=dash&stPr2=hls&stPr3=progressive&deb=on,V3 - Replay - DASH,Basic Playback
3071,http://externaltests.dev.kaltura.com/player/library_Player_V3/smartPages/Player_V3_generic_page.php?adTag=noAd&stPr1=dash&stPr2=hls&stPr3=progressive&deb=on,V3 - Seek playback - DASH,Basic Playback
3072,http://externaltests.dev.kaltura.com/player/library_Player_V3/smartPages/Player_V3_generic_page.php?adTag=noAd&stPr1=dash&stPr2=hls&stPr3=progressive&deb=on,V3 - Full Screen - DASH,Basic Playback
3073,http://externaltests.dev.kaltura.com/player/library_Player_V3/smartPages/Player_V3_generic_page.php?adTag=noAd&stPr1=dash&stPr2=hls&stPr3=progressive&autoPlay=on&deb=on,V3 - Auto Play - DASH,Basic Playback
3075,http://externaltests.dev.kaltura.com/player/library_Player_V3/smartPages/Player_V3_generic_page.php?adTag=noAd&stPr1=progressive&stPr2=hls&stPr3=dash&deb=on,V3 - Replay - Progressive,Basic Playback
3076,http://externaltests.dev.kaltura.com/player/library_Player_V3/smartPages/Player_V3_generic_page.php?adTag=noAd&stPr1=progressive&stPr2=hls&stPr3=dash&deb=on,V3 - Seek playback - Progressive,Basic Playback
3077,http://externaltests.dev.kaltura.com/player/library_Player_V3/smartPages/Player_V3_generic_page.php?adTag=noAd&stPr1=progressive&stPr2=hls&stPr3=dash&deb=on,V3 - Full sreen - Progressive,Basic Playback
3078,http://externaltests.dev.kaltura.com/player/library_Player_V3/smartPages/Player_V3_generic_page.php?adTag=noAd&stPr1=progressive&stPr2=hls&stPr3=dash&autoPlay=on&deb=on,V3 - Auto Play - Progressive,Basic Playback
3079,http://externaltests.dev.kaltura.com/player/library_Player_V3/smartPages/Player_V3_generic_page.php?adTag=noAd&stPr1=progressive&stPr2=dash&stPr3=hls&deb=on,V3 - Flavor Selector with switch - Progressive,Basic Playback
3082,http://externaltests.dev.kaltura.com/player/library_Player_V3/smartPages/Player_V3_generic_page.php?cdnUrl=test&partnerId=1091&uiConfId=testReg&entryId=empty&deb=on&stPr1=hls&stPr2=dash&stPr3=progressive&txtLang=default&audioLang=default&a_s=0&autoPlay=on&muted=on&MutAutPl=on&adTag=noAd,V3 - single entry - Auto Play and Mute - HLS,Basic Playback
3104,http://externaltests.dev.kaltura.com/player/library_Player_V3/smartPages/Player_V3_generic_page.php?stPr1=hls&stPr2=dash&stPr3=progressive&deb=on&adTag=preWithoutSkip,V3 - DoubleClick pre-roll - HLS,Advertisiments
3105,http://externaltests.dev.kaltura.com/player/library_Player_V3/smartPages/Player_V3_generic_page.php?cdnUrl=test&partnerId=1091&uiConfId=testReg&entryId=tstBasic&deb=on&stPr1=hls&stPr2=dash&stPr3=progressive&txtLang=default&audioLang=default&a_s=0&plIn=on&adTag=preWithSkip,V3 - DoubleClick pre-roll with skip ,Advertisiments
3106,http://externaltests.dev.kaltura.com/player/library_Player_V3/smartPages/Player_V3_generic_page.php?stPr1=hls&stPr2=dash&stPr3=progressive&deb=on&adTag=redLin,V3 - Redirect linear,Advertisiments
3107,http://externaltests.dev.kaltura.com/player/library_Player_V3/smartPages/Player_V3_generic_page.php?stPr1=hls&stPr2=dash&stPr3=progressive&deb=on&adTag=redErr,V3 - Redirect Error,Advertisiments
3108,http://externaltests.dev.kaltura.com/player/library_Player_V3/smartPages/Player_V3_generic_page.php?stPr1=hls&stPr2=dash&stPr3=progressive&deb=on&adTag=redBrFall,V3 - Redirect Broken Fallback,Advertisiments
3111,http://externaltests.dev.kaltura.com/player/library_Player_V3/smartPages/Player_V3_generic_page.php?stPr1=hls&stPr2=dash&stPr3=progressive&deb=on&adTag=noLin,V3 - NonLinear Inline,Advertisiments
3112,http://externaltests.dev.kaltura.com/player/library_Player_V3/smartPages/Player_V3_generic_page.php?stPr1=hls&stPr2=dash&stPr3=progressive&deb=on&adTag=vmPre,V3 - VMAP PreRoll ,Advertisiments
3113,http://externaltests.dev.kaltura.com/player/library_Player_V3/smartPages/Player_V3_generic_page.php?stPr1=hls&stPr2=dash&stPr3=progressive&deb=on&adTag=vmPreBum,V3 - VMAP PreRoll + Bumper - HLS,Advertisiments
3114,http://externaltests.dev.kaltura.com/player/library_Player_V3/smartPages/Player_V3_generic_page.php?stPr1=hls&stPr2=dash&stPr3=progressive&deb=on&adTag=vmPost,V3 - VMAP PostRoll,Advertisiments
3115,http://externaltests.dev.kaltura.com/player/library_Player_V3/smartPages/Player_V3_generic_page.php?stPr1=hls&stPr2=dash&stPr3=progressive&deb=on&adTag=vmPostBum,V3 - VMAP PostRoll Bumper ,Advertisiments
3116,http://externaltests.dev.kaltura.com/player/library_Player_V3/smartPages/Player_V3_generic_page.php?stPr1=hls&stPr2=dash&stPr3=progressive&deb=on&adTag=vmPreMidPost,V3 - VMAP Pre-Mid-Post - HLS,Advertisiments
3117,http://externaltests.dev.kaltura.com/player/library_Player_V3/smartPages/Player_V3_generic_page.php?stPr1=hls&stPr2=dash&stPr3=progressive&deb=on&adTag=vmPreMidStPost,V3 - VMAP Pre-Mid-Post 3 standard ads,Advertisiments
3118,http://externaltests.dev.kaltura.com/player/library_Player_V3/smartPages/Player_V3_generic_page.php?stPr1=hls&stPr2=dash&stPr3=progressive&deb=on&adTag=vmPreMidOpPost,V3 - VMAP Pre-Mid-Post 3 Optimized ads ,Advertisiments
3119,http://externaltests.dev.kaltura.com/player/library_Player_V3/smartPages/Player_V3_generic_page.php?&stPr1=hls&stPr2=dash&stPr3=progressive&deb=on&adTag=vmPreMidStPostBum,V3 - VMAP Pre-Mid-Post 3 standard ads and Bumper ,Advertisiments
3120,http://externaltests.dev.kaltura.com/player/library_Player_V3/smartPages/Player_V3_generic_page.php?stPr1=hls&stPr2=dash&stPr3=progressive&deb=on&adTag=vmPreMidOpPostBum,V3 - VMAP Pre-Mid-Post 3 Optimized ads and Bumper,Advertisiments
3121,http://externaltests.dev.kaltura.com/player/library_Player_V3/smartPages/Player_V3_generic_page.php?stPr1=hls&stPr2=dash&stPr3=progressive&deb=on&adTag=vmPre10MidPost,V3 - VMAP_Standard_pre_mid_post 5 ADS every 10 sec,Advertisiments
3124,http://externaltests.dev.kaltura.com/player/library_Player_V3/smartPages/Player_V3_generic_page.php?stPr1=dash&stPr2=hls&stPr3=progressive&deb=on&adTag=preWithoutSkip,V3 - DoubleClick pre-roll - Dash,Advertisiments
3125,http://externaltests.dev.kaltura.com/player/library_Player_V3/smartPages/Player_V3_generic_page.php?stPr1=dash&stPr2=hls&stPr3=progressive&deb=on&adTag=preWithSkip,V3 - DoubleClick pre-roll with skip - Dash,Advertisiments
3126,http://externaltests.dev.kaltura.com/player/library_Player_V3/smartPages/Player_V3_generic_page.php?stPr1=dash&stPr2=hls&stPr3=progressive&deb=on&adTag=noLin,V3 - NonLinear Inline - Dash,Advertisiments
3127,http://externaltests.dev.kaltura.com/player/library_Player_V3/smartPages/Player_V3_generic_page.php?stPr1=progressive&stPr2=dash&stPr3=hls&deb=on&adTag=preWithoutSkip,V3 - DoubleClick pre-roll - Progressive,Advertisiments
3128,http://externaltests.dev.kaltura.com/player/library_Player_V3/smartPages/Player_V3_generic_page.php?stPr1=progressive&stPr2=dash&stPr3=hls&deb=on&adTag=preWithSkip,V3 - DoubleClick pre-roll with skip - Progressive,Advertisiments
3129,http://externaltests.dev.kaltura.com/player/library_Player_V3/smartPages/Player_V3_generic_page.php?stPr1=progressive&stPr2=hls&stPr3=dash&deb=on&adTag=noLin,V3 - NonLinear Inline - Progressive,Advertisiments
3130,http://externaltests.dev.kaltura.com/player/library_Player_V3/smartPages/Player_V3_generic_page.php?cdnUrl=test&partnerId=1091&uiConfId=testReg&entryId=tstAud&deb=on&stPr1=hls&stPr2=dash&stPr3=progressive&txtLang=default&audioLang=default&a_s=0&adTag=noAd,CVAA - Single VTT captions - HLS ,Captions
3131,http://externaltests.dev.kaltura.com/player/library_Player_V3/smartPages/Player_V3_generic_page.php?adTag=noAd&stPr1=hls&stPr2=dash&stPr3=progressive&deb=on,"CVAA - Single - Font Size, Font Family, Character Edge Style, Font color - HLS ",Captions
3132,http://externaltests.dev.kaltura.com/player/library_Player_V3/smartPages/Player_V3_generic_page.php?adTag=noAd&stPr1=hls&stPr2=dash&stPr3=progressive&deb=on,"CVAA - Single - Window color, Font Opacity, Background Opacity, Window Opacity - HLS",Captions
3133,http://externaltests.dev.kaltura.com/player/library_Player_V3/smartPages/Player_V3_generic_page.php?adTag=noAd&stPr1=hls&stPr2=dash&stPr3=progressive&deb=on,CVAA - Multi languages captions with info and quality settings - HLS,Captions
3134,http://externaltests.dev.kaltura.com/player/library_Player_V3/smartPages/Player_V3_generic_page.php?adTag=noAd&entryId=tstAbr&stPr1=hls&stPr2=dash&stPr3=progressive&deb=on,V3 - VOD - ABR - HLS,Basic Playback
3135,http://externaltests.dev.kaltura.com/player/library_Player_V3/smartPages/Player_V3_generic_page.php?adTag=noAd&entryId=tstManSw&stPr1=hls&stPr2=dash&stPr3=progressive&deb=on,V3 - VOD - Manual switch - HLS,Basic Playback
3142,https://externaltests.dev.kaltura.com/player/library_Player_V3/smartPages/Player_V3_generic_page.php?adTag=noAd&cdnUrl=testSec&parnterId=4171&uiConfId=testDrm&entryId=tstDrmAbr,Dash_DRM - ABR,DRM
,http://externaltests.dev.kaltura.com/player/library_Player_V3/smartPages/Player_V3_generic_page.php?adTag=noAd&stPr1=dash&stPr2=hls&stPr3=progressive&deb=on,Captions - no default captions - cookies - DASH,Captions
3143,https://externaltests.dev.kaltura.com/player/library_Player_V3/smartPages/Player_V3_generic_page.php?cdnUrl=testSec&partnerId=4171&uiConfId=testDrm&entryId=tstDrmAbr&stPr1=def&stPr2=def&stPr3=def&txtLang=default&audioLang=default&a_s=0&adTag=noAd,Dash_DRM - Manual bitrate change,DRM
3146,http://externaltests.dev.kaltura.com/player/library_Player_V3/smartPages/Player_V3_generic_page.php?adTag=noAd&stPr1=hls&stPr2=dash&stPr3=progressive&deb=on&entryId=tstCapAud,Captions - no default captions - cookies - HLS,Captions
3186,http://externaltests.dev.kaltura.com/player/library_Player_V3/smartPages/Player_V3_generic_page.php?adTag=noAd&stPr1=hls&stPr2=dash&stPr3=progressive&deb=on&preEnb=on&adTag=noAd,VOD - HLS - Kaltura stats - seek ,Analytics
3214,http://externaltests.dev.kaltura.com/player/library_Player_V3/smartPages/Player_V3_generic_page.php?cdnUrl=test&partnerId=1091&uiConfId=testReg&entryId=tstCapAud&stPr1=hls&stPr2=dash&stPr3=progressive&txtLang=default&audioLang=default&a_s=0&adTag=vmPreMidPost,Multiple Audio Track - DFP_Pre_Mid_Post - HLS,MultiAudioTracks
3242,http://externaltests.dev.kaltura.com/player/library_Player_V3/smartPages/Player_V3_generic_page.php?cdnUrl=test&partnerId=1091&uiConfId=testReg&entryId=tstCapAud&stPr1=dash&stPr2=hls&stPr3=progressive&txtLang=default&audioLang=default&a_s=0&adTag=noAd,Captions and hovering control - not default captions - Dash - cookies,Captions MPEG Dash
3248,http://externaltests.dev.kaltura.com/player/library_Player_V3/smartPages/Player_V3_generic_page.php?cdnUrl=test&parnterId=1091&uiConfId=testReg&entryId=tstAudEnt&adTag=preWithSkip,V3 - Audio Entry - DoubleClick pre-roll,Advertisiments
3249,http://externaltests.dev.kaltura.com/player/library_Player_V3/smartPages/Player_V3_generic_page.php?stPr1=hls&stPr2=dash&stPr3=progressive&deb=on&adTag=preWithSkip&entryId=tstAudEnt,V3 - Audio Entry - DoubleClick pre-roll with skip,Advertisiments
3250,http://externaltests.dev.kaltura.com/player/library_Player_V3/smartPages/Player_V3_generic_page.php?cdnUrl=test&parnterId=1091&uiConfId=testReg&entryId=tstAudEnt2&adTag=noLin,V3 - Audio Entry - NonLinear Inline ,Advertisiments
3260,http://externaltests.dev.kaltura.com/player/library_Player_V3/smartPages/Player_V3_generic_page.php?adTag=noAd&stPr1=dash&stPr2=hls&stPr3=progressive&deb=on,Network disconnect during Playback - Dash - Desktop,Basic Playback
3263,http://externaltests.dev.kaltura.com/player/library_Player_V3/smartPages/Player_V3_generic_page.php?adTag=noAd&entryId=tstManSw&stPr1=dash&stPr2=hls&stPr3=progressive&deb=on,V3 - VOD - Manual switch - HLS,Basic Playback
3292,http://externaltests.dev.kaltura.com/player/library_Player_V3/smartPages/Player_V3_generic_page.php?stPr1=hls&stPr2=dash&stPr3=progressive&deb=on&adTag=vmPreMidPost,V3 - Playhead segment with VMAP Pre-Mid-Post,Advertisiments
3293,http://externaltests.dev.kaltura.com/player/library_Player_V3/smartPages/Player_V3_generic_page.php?adTag=noAd&entryId=tstLong&stPr1=hls&stPr2=dash&stPr3=progressive&deb=on&plIn=on,V3 - Seek playback (Long Entry)- HLS ,Basic Playback
3294,http://externaltests.dev.kaltura.com/player/library_Player_V3/smartPages/Player_V3_generic_page.php?adTag=noAd&entryId=tstLong&stPr1=dash&stPr2=hls&stPr3=progressive&deb=on,V3 - Seek playback (Long Entry)- DASH,Basic Playback
3295,http://externaltests.dev.kaltura.com/player/library_Player_V3/smartPages/Player_V3_generic_page.php?adTag=noAd&entryId=tstLong&stPr1=progressive&stPr2=dash&stPr3=hls&deb=on,V3 - Seek playback (Long Entry)- Progressive,Basic Playback
3296,http://externaltests.dev.kaltura.com/player/library_Player_V3/smartPages/Player_V3_generic_page.php?adTag=noAd&stPr1=hls&stPr2=dash&stPr3=progressive&deb=on,V3 - Preload none - Seek playback - HLS ,Basic Playback
3297,http://externaltests.dev.kaltura.com/player/library_Player_V3/smartPages/Player_V3_generic_page.php?cdnUrl=test&partnerId=1091&uiConfId=testNoPlug&entryId=empty&deb=on&stPr1=hls&stPr2=dash&stPr3=progressive&txtLang=default&audioLang=default&a_s=0&preEnb=on&adTag=noAd&WMPlace=botRight,V3 - Preload auto - Seek playback - HLS,Basic Playback
5296,http://externaltests.dev.kaltura.com/player/library_Player_V3/smartPages/Player_V3_generic_page.php?stPr1=progressive&stPr2=hls&stPr3=dash&deb=on&adTag=preWithComp,V3 - DoubleClick with auto companions - html5 player ,Advertisiments
5297,http://externaltests.dev.kaltura.com/player/library_Player_V3/smartPages/Player_V3_generic_page.php?stPr1=progressive&stPr2=hls&stPr3=dash&deb=on&adTag=preWithComp,V3 - DoubleClick with manual companions - html5 player ,Advertisiments
5298,http://externaltests.dev.kaltura.com/player/library_Player_V3/smartPages/Player_V3_generic_page.php?stPr1=dash&stPr2=hls&stPr3=progressive&deb=on&adTag=vmPreMidPost,V3 - VMAP Pre-Mid-Post - Dash,Advertisiments
5299,http://externaltests.dev.kaltura.com/player/library_Player_V3/smartPages/Player_V3_generic_page.php?stPr1=progressive&stPr2=hls&stPr3=dash&deb=on&adTag=vmPreMidPost,V3 - VMAP Pre-Mid-Post - MP4,Advertisiments
5305,http://externaltests.dev.kaltura.com/player/library_Player_V3/smartPages/Player_V3_generic_page.php?adTag=noAd&stPr1=dash&stPr2=hls&stPr3=progressive&deb=on&txtLang=auto&entryId=tstCapDef,Captions - no default captions - auto - OS local - Dash,Captions
5306,http://externaltests.dev.kaltura.com/player/library_Player_V3/smartPages/Player_V3_generic_page.php?adTag=noAd&stPr1=dash&stPr2=hls&stPr3=progressive&deb=on&txtLang=auto&entryId=tstCapDef,Captions - no default captions - auto - first caption from playManifest - Dash ,Captions
5315,http://externaltests.dev.kaltura.com/player/library_Player_V3/smartPages/Player_V3_generic_page.php?adTag=noAd&stPr1=hls&stPr2=dash&stPr3=progressive&deb=on&entryId=tstAudEnt,Audio - analytics - Kaltura stats playback ,Analytics
5316,http://externaltests.dev.kaltura.com/player/library_Player_V3/smartPages/Player_V3_generic_page.php?adTag=noAd&stPr1=hls&stPr2=dash&stPr3=progressive&deb=on&entryId=tstAudEnt,Audio - analytics - Kaltura stats playback ,Analytics
5317,http://externaltests.dev.kaltura.com/player/library_Player_V3/smartPages/Player_V3_generic_page.php?adTag=noAd&stPr1=hls&stPr2=dash&stPr3=progressive&deb=on&entryId=tstAudEnt,Audio - analytics - Kaltura stats - seek ,Analytics
5318,http://externaltests.dev.kaltura.com/player/library_Player_V3/smartPages/Player_V3_generic_page.php?adTag=noAd&stPr1=hls&stPr2=dash&stPr3=progressive&deb=on&entryId=tstAudEnt,Audio - analytics - Kaltura stats - seek ,Analytics
5329,http://externaltests.dev.kaltura.com/player/library_Player_V3/smartPages/Player_V3_generic_page.php?adTag=noAd&stPr1=progressive&stPr2=dash&stPr3=hls&deb=on,VOD - MP4 - Kaltura stats playback,Analytics
5330,http://externaltests.dev.kaltura.com/player/library_Player_V3/smartPages/Player_V3_generic_page.php?adTag=noAd&stPr1=progressive&stPr2=dash&stPr3=hls&deb=on&Youbora=on,VOD DASH-Youbora playback ,Analytics
5331,http://externaltests.dev.kaltura.com/player/library_Player_V3/smartPages/Player_V3_generic_page.php?adTag=noAd&stPr1=dash&stPr2=progressive&stPr3=hls&deb=on,VOD - Dash - Kaltura stats - playback,Analytics
5332,http://externaltests.dev.kaltura.com/player/library_Player_V3/smartPages/Player_V3_generic_page.php?adTag=noAd&stPr1=dash&stPr2=progressive&stPr3=hls&deb=on,VOD - Dash - Kaltura stats - seek,Analytics
5420,https://externaltests.dev.kaltura.com/player/library_Player_V3/smartPages/Player_V3_generic_page.php?adTag=noAd&cdnUrl=testSec&parnterId=4171&uiConfId=testDrm&entryId=tstDrm,Dash_DRM - Speed (rate) selection,DRM
5421,https://externaltests.dev.kaltura.com/player/library_Player_V3/smartPages/Player_V3_generic_page.php?adTag=noAd&cdnUrl=testSec&parnterId=4171&uiConfId=testDrm&entryId=tstDrm&adTag=preWithSkip,Dash_DRM - DFP pre-roll with skip ,DRM
5422,https://externaltests.dev.kaltura.com/player/library_Player_V3/smartPages/Player_V3_generic_page.php?adTag=noAd&cdnUrl=testSec&parnterId=4171&uiConfId=testDrm&entryId=tstDrm&adTag=vmPre,Dash_DRM - VMAP pre-roll,DRM
5423,https://externaltests.dev.kaltura.com/player/library_Player_V3/smartPages/Player_V3_generic_page.php?cdnUrl=testSec&partnerId=4171&uiConfId=testDrm&entryId=tstDrm&stPr1=dash&stPr2=hls&stPr3=progressive&txtLang=default&audioLang=default&a_s=0&adTag=vmPreBum,Dash_DRM - VMAP pre-roll & bumper,MPEG Dash DRM VOD
5424,https://externaltests.dev.kaltura.com/player/library_Player_V3/smartPages/Player_V3_generic_page.php?cdnUrl=testSec&partnerId=4171&uiConfId=testDrm&entryId=tstFairplay&adTag=noAd&deb=on,FairPlay_DRM - Inbound Subtitles,DRM
5425,https://externaltests.dev.kaltura.com/player/library_Player_V3/smartPages/Player_V3_generic_page.php?cdnUrl=testSec&partnerId=4171&uiConfId=testDrm&entryId=tstFairplay&adTag=noAd&deb=on,FairPlay_DRM - Seek ,DRM
5426,https://externaltests.dev.kaltura.com/player/library_Player_V3/smartPages/Player_V3_generic_page.php?cdnUrl=testSec&partnerId=4171&uiConfId=testDrm&entryId=tstFairplay&deb=on&adTag=vmPreMidPost,FairPlay_DRM - DFP pre-mid-post,DRM
5427,https://externaltests.dev.kaltura.com/player/library_Player_V3/smartPages/Player_V3_generic_page.php?cdnUrl=testSec&partnerId=4171&uiConfId=testDrm&entryId=tstFairplay&adTag=noAd&deb=on,FairPlay_DRM - MultiAudio tracks ,DRM
5430,https://externaltests.dev.kaltura.com/player/library_Player_V3/smartPages/Player_V3_generic_page.php?cdnUrl=testSec&partnerId=4171&uiConfId=testDrm&entryId=tstFairplay&adTag=noAd&deb=on,FairPlay_DRM - ABR ,DRM
5432,https://externaltests.dev.kaltura.com/player/library_Player_V3/smartPages/Player_V3_generic_page.php?cdnUrl=testSec&partnerId=4171&uiConfId=testDrm&entryId=tstFairplay&adTag=noAd&deb=on,FairPlay_DRM - Speed (rate) selection,DRM
5433,https://externaltests.dev.kaltura.com/player/library_Player_V3/smartPages/Player_V3_generic_page.php?cdnUrl=testSec&partnerId=4171&uiConfId=testDrm&entryId=tstFairplay&deb=on&adTag=preWithSkip,FairPlay_DRM - DFP pre-roll with skip,DRM
5434,https://externaltests.dev.kaltura.com/player/library_Player_V3/smartPages/Player_V3_generic_page.php?cdnUrl=testSec&partnerId=4171&uiConfId=testDrm&entryId=tstFairplay&deb=on&adTag=preWithoutSkip,FairPlay_DRM - VMAP pre-roll ,DRM
5435,https://externaltests.dev.kaltura.com/player/library_Player_V3/smartPages/Player_V3_generic_page.php?cdnUrl=testSec&partnerId=4171&uiConfId=testDrm&entryId=tstFairplay&deb=on&adTag=vmPreBum,FairPlay_DRM - VMAP pre-roll & bumper,DRM
6254,https://externaltests.dev.kaltura.com/player/library_Player_V3/smartPages/Player_V3_generic_page.php?cdnUrl=testSec&partnerId=4171&uiConfId=testDrm&entryId=tstFairplay&adTag=noAd&deb=on&autoPlay=on&MutAutPl=on,FairPlay_DRM - Auto play,DRM
6255,https://externaltests.dev.kaltura.com/player/library_Player_V3/smartPages/Player_V3_generic_page.php?cdnUrl=testSec&partnerId=4171&uiConfId=testDrm&entryId=tstFairplay&adTag=noAd&deb=on,FairPlay_DRM - Fullscreen/Replay,DRM
6256,https://externaltests.dev.kaltura.com/player/library_Player_V3/smartPages/Player_V3_generic_page.php?cdnUrl=testSec&partnerId=4171&uiConfId=testDrm&entryId=tstFairplay&adTag=noAd&deb=on&preEnb=on,FairPlay_DRM - Preload auto - Playback,DRM
5436,http://externaltests.dev.kaltura.com/player/library_Player_V3/smartPages/Player_V3_generic_page.php?adTag=noAd&stPr1=hls&stPr2=dash&stPr3=progressive&deb=on&entryId=tstUlive,V3 - HLS - Universal Live without DVR,Live
5437,http://externaltests.dev.kaltura.com/player/library_Player_V3/smartPages/Player_V3_generic_page.php?cdnUrl=test&partnerId=1091&uiConfId=testReg&entryId=tstUlive&deb=on&stPr1=hls&stPr2=dash&stPr3=progressive&txtLang=default&audioLang=default&a_s=0&Dvr=on&adTag=noAd,V3 - HLS - Universal Live with DVR,Live
5438,https://externaltests.dev.kaltura.com/player/library_Player_V3/smartPages/Player_V3_generic_page.php?cdnUrl=testSec&partnerId=4171&uiConfId=testDrm&entryId=tstDrm&stPr1=def&stPr2=def&stPr3=def&txtLang=default&audioLang=default&a_s=0&adTag=noAd,VOD - DRM - Kaltura stats playback,Analytics
5439,https://externaltests.dev.kaltura.com/player/library_Player_V3/smartPages/Player_V3_generic_page.php?cdnUrl=testSec&partnerId=4171&uiConfId=testDrm&entryId=tstDrm&stPr1=def&stPr2=def&stPr3=def&txtLang=default&audioLang=default&a_s=0&adTag=noAd,VOD - DRM - Kaltura stats - Seek,Analytics
5440,https://externaltests.dev.kaltura.com/player/library_Player_V3/smartPages/Player_V3_generic_page.php?cdnUrl=testSec&partnerId=4171&uiConfId=testDrm&entryId=tstDrm&stPr1=def&stPr2=def&stPr3=def&txtLang=default&audioLang=default&a_s=0&adTag=noAd,VOD - DRM - Kaltura stats buffer start_end,Analytics
5441,http://externaltests.dev.kaltura.com/player/library_Player_V3/smartPages/Player_V3_generic_page.php?adTag=noAd&stPr1=hls&stPr2=dash&stPr3=progressive&deb=on&entryId=tstKlive&autoPlay=on,V3 - HLS - Kaltura Live without DVR - autoPlay,Live
5443,http://externaltests.dev.kaltura.com/player/library_Player_V3/smartPages/Player_V3_generic_page.php?cdnUrl=test&partnerId=1091&uiConfId=testReg&entryId=tstKliveDvr&deb=on&stPr1=hls&stPr2=dash&stPr3=progressive&txtLang=default&audioLang=default&a_s=0&autoPlay=on&MutAutPl=on&adTag=noAd,V3 - HLS - Kaltura Live with DVR - auto Play,Live
5444,http://externaltests.dev.kaltura.com/player/library_Player_V3/smartPages/Player_V3_generic_page.php?adTag=noAd&stPr1=hls&stPr2=dash&stPr3=progressive&deb=on&entryId=tst1RusLive,V3 - HLS - External stream - ABC News ,Live
5445,http://externaltests.dev.kaltura.com/player/library_Player_V3/smartPages/Player_V3_generic_page.php?cdnUrl=test&partnerId=1091&uiConfId=testReg&entryId=tstWnIntSrc&inf=on&stPr1=hls&stPr2=dash&stPr3=progressive&txtLang=default&audioLang=default&a_s=0&adTag=noAd,V3 - HLS - External stream - Whether Nation ,Live
6239,http://externaltests.dev.kaltura.com/player/library_Player_V3/smartPages/Player_V3_generic_page.php?cdnUrl=test&partnerId=1091&uiConfId=testReg&entryId=tstWnIntSrc&Dvr=on&adTag=noAd,External Live - with configured DVR - playback,Live
5460,http://externaltests.dev.kaltura.com/player/library_Player_V3/smartPages/Player_V3_generic_page.php?adTag=noAd&stPr1=hls&stPr2=dash&stPr3=progressive&deb=on&txtLang=auto&entryId=tstCapAud,Captions - no default captions - auto - OS local - HLS,Captions
5461,http://externaltests.dev.kaltura.com/player/library_Player_V3/smartPages/Player_V3_generic_page.php?adTag=noAd&stPr1=hls&stPr2=dash&stPr3=progressive&deb=on&txtLang=auto&entryId=tstCapAud,Captions - no default captions - auto - first caption from playManifest - HLS ,Captions
5462,http://externaltests.dev.kaltura.com/player/library_Player_V3/smartPages/Player_V3_generic_page.php?adTag=noAd&stPr1=hls&stPr2=dash&stPr3=progressive&deb=on&entryId=tstAud,Multiple Audio Track - first track from manifest - HLS,MultiAudioTracks
5463,http://externaltests.dev.kaltura.com/player/library_Player_V3/smartPages/Player_V3_generic_page.php?adTag=noAd&stPr1=hls&stPr2=dash&stPr3=progressive&deb=on&txtLang=eng&entryId=tstCapAud,Captions - default captions - explicit language - HLS ,Captions
5464,http://externaltests.dev.kaltura.com/player/library_Player_V3/smartPages/Player_V3_generic_page.php?adTag=noAd&stPr1=hls&stPr2=dash&stPr3=progressive&deb=on&entryId=tstAud&audioLang=ita,Multiple Audio Track - explicit track - HLS,MultiAudioTracks
5465,http://externaltests.dev.kaltura.com/player/library_Player_V3/smartPages/Player_V3_generic_page.php?adTag=noAd&stPr1=hls&stPr2=dash&stPr3=progressive&deb=on&entryId=tstAud&audioLang=ita,Multiple Audio Track - cookies - HLS,MultiAudioTracks
5466,http://externaltests.dev.kaltura.com/player/library_Player_V3/smartPages/Player_V3_generic_page.php?adTag=noAd&stPr1=dash&stPr2=hls&stPr3=progressive&deb=on&txtLang=rus&entryId=tstCapAud,Captions - default captions - explicit language - Dash ,Captions
5468,http://externaltests.dev.kaltura.com/player/library_Player_V3/smartPages/Player_V3_generic_page.php?adTag=noAd&stPr1=hls&stPr2=dash&stPr3=progressive&deb=on&entryId=tstAud&audioLang=ita,Multiple Audio Track - FlavorSelector - Dash,MultiAudioTracks
5469,http://externaltests.dev.kaltura.com/player/library_Player_V3/smartPages/Player_V3_generic_page.php?cdnUrl=test&parnterId=1091&uiConfId=testReg&entryId=tstCapAud&deb=on&stPr1=dash&stPr2=hls&stPr3=progressive&txtLang=default&audioLang=esp&adTag=vmPreMidPost&partnerIdProv=&ottUiConf=&ottEntry=&format1=&format2=,Multiple Audio Track - FlavorSelector - Dash,MultiAudioTracks
5470,http://externaltests.dev.kaltura.com/player/library_Player_V3/smartPages/Player_V3_generic_page.php?adTag=noAd&stPr1=dash&stPr2=hls&stPr3=progressive&deb=on&entryId=tstAud,Multiple Audio Track - first track from manifest - DASH,MultiAudioTracks
5471,http://externaltests.dev.kaltura.com/player/library_Player_V3/smartPages/Player_V3_generic_page.php?adTag=noAd&stPr1=dash&stPr2=hls&stPr3=progressive&deb=on&entryId=tstAud&audioLang=ita,Multiple Audio Track - explicit track - DASH,MultiAudioTracks
5472,http://externaltests.dev.kaltura.com/player/library_Player_V3/smartPages/Player_V3_generic_page.php?adTag=noAd&stPr1=dash&stPr2=hls&stPr3=progressive&deb=on&entryId=tstAud&audioLang=ita,Multiple Audio Track - cookies - DASH,MultiAudioTracks
5473,http://externaltests.dev.kaltura.com/player/library_Player_V3/smartPages/Player_V3_generic_page.php?adTag=noAd&stPr1=hls&stPr2=dash&stPr3=progressive&deb=on,V3 - Keyboard shortcuts - HLS ,Basic Playback
5474,http://externaltests.dev.kaltura.com/player/library_Player_V3/smartPages/Player_V3_generic_page.php?adTag=noAd&stPr1=hls&stPr2=dash&stPr3=progressive&deb=on&entryId=tstCapCapt,Captions - no default CAP Captions - HLS,Captions
5475,http://externaltests.dev.kaltura.com/player/library_Player_V3/smartPages/Player_V3_generic_page.php?adTag=noAd&stPr1=dash&stPr2=hls&stPr3=progressive&deb=on&entryId=tstCapCapt,Captions - no default CAP Captions - DASH,Captions
5505,http://externaltests.dev.kaltura.com/player/library_Player_V3/smartPages/Player_V3_generic_page.php?adTag=noAd&stPr1=hls&stPr2=dash&stPr3=progressive&autoPlay=on&muted=on&deb=on,V3 - Auto Play & Auto Mute - HLS ,Basic Playback
5506,http://externaltests.dev.kaltura.com/player/library_Player_V3/smartPages/Player_V3_generic_page.php?stPr1=hls&stPr2=dash&stPr3=progressive&deb=on&adTag=vmPreBum&autoPlay=on&MutAutPl=on,VMAP PreRoll + Bumper - Auto Play fallback,Advertisiments
5507,http://externaltests.dev.kaltura.com/player/library_Player_V3/smartPages/Player_V3_generic_page.php?stPr1=hls&stPr2=dash&stPr3=progressive&deb=on&adTag=vmPost&autoPlay=on&MutAutPl=on,VMAP Postroll - Auto Play fallback,Advertisiments
5508,http://externaltests.dev.kaltura.com/player/library_Player_V3/smartPages/Player_V3_generic_page.php?stPr1=hls&stPr2=dash&stPr3=progressive&deb=on&adTag=vmPostBum&autoPlay=on&MutAutPl=on,VMAP PostRoll + Bumper - Auto Play fallback,Advertisiments
5509,http://externaltests.dev.kaltura.com/player/library_Player_V3/smartPages/Player_V3_generic_page.php?stPr1=hls&stPr2=dash&stPr3=progressive&deb=on&adTag=vmPreMidPost&autoPlay=on&MutAutPl=on,VMAP Pre-Mid-Post - Auto Play fallback,Advertisiments
5511,http://externaltests.dev.kaltura.com/player/library_Player_V3/smartPages/Player_V3_generic_page.php?stPr1=hls&stPr2=dash&stPr3=progressive&deb=on&adTag=preWithoutSkip&autoPlay=on&MutAutPl=on,DFP PreRoll - Auto Play fallback,Advertisiments
5515,http://externaltests.dev.kaltura.com/player/library_Player_V3/smartPages/Player_V3_generic_page.php?stPr1=hls&stPr2=dash&stPr3=progressive&deb=on&adTag=noAd&autoPlay=on&MutAutPl=on,V3 - Auto Play fallback - HLS ,Basic Playback
5516,http://externaltests.dev.kaltura.com/player/library_Player_V3/smartPages/Player_V3_generic_page.php?cdnUrl=test&parnterId=1091&uiConfId=testReg&entryId=empty&deb=on&a_s=0&autoPlay=on&muted=on&adTag=preWithSkip&deb=on&plIn=on&MutAutPl=on,DFP PreRoll with skip - Auto Play AutoMute ,Advertisiments
5522,http://externaltests.dev.kaltura.com/player/library_Player_V3/smartPages/Player_V3_generic_page.php?cdnUrl=test&parnterId=1091&uiConfId=testReg&entryId=empty&deb=on&stPr1=dash&stPr2=hls&stPr3=progressive&txtLang=default&audioLang=default&a_s=0&adTag=noAd&Youbora=on&partnerIdProv=&ottUiConf=&ottEntry=&format1=&format2=,VOD DASH-Youbora playback,Analytics
5524,http://externaltests.dev.kaltura.com/player/library_Player_V3/smartPages/Player_V3_generic_page.php?cdnUrl=test&parnterId=1091&uiConfId=testReg&entryId=empty&deb=on&stPr1=dash&stPr2=hls&stPr3=progressive&txtLang=default&audioLang=default&a_s=0&adTag=noAd&Youbora=on&partnerIdProv=&ottUiConf=&ottEntry=&format1=&format2=,VOD DASH-Youbora pause & seek,Analytics
5525,https://externaltests.dev.kaltura.com/player/library_Player_V3/smartPages/Player_V3_generic_page.php?cdnUrl=test&parnterId=1091&uiConfId=testReg_youbora&entryId=empty&stPr1=hls&stPr2=dash&stPr3=progressive&txtLang=default&audioLang=default&a_s=0&preEnb=on&adTag=noAd&Youbora=on&partnerIdProv=&ottUiConf=&ottEntry=&format1=&format2=,"VOD HLS-Youbora preload, pause & seek",Analytics
5526,http://externaltests.dev.kaltura.com/player/library_Player_V3/smartPages/Player_V3_generic_page.php?adTag=noAd&stPr1=hls&stPr2=dash&stPr3=progressive&deb=on&Youbora=on,VOD HLS-Youbora bitrate switch ,Analytics
5527,http://externaltests.dev.kaltura.com/player/library_Player_V3/smartPages/Player_V3_generic_page.php?adTag=noAd&stPr1=hls&stPr2=dash&stPr3=progressive&deb=on&Youbora=on,VOD HLS-Youbora playback ,Analytics
5528,https://externaltests.dev.kaltura.com/player/library_Player_V3/smartPages/Player_V3_generic_page.php?cdnUrl=testSec&partnerId=4171&uiConfId=testDrm&entryId=tstDrm&stPr1=def&stPr2=def&stPr3=def&txtLang=default&audioLang=default&a_s=0&adTag=noAd&Youbora=on,VOD DRM-Youbora playback,Analytics
5529,https://externaltests.dev.kaltura.com/player/library_Player_V3/smartPages/Player_V3_generic_page.php?adTag=noAd&cdnUrl=testSec&parnterId=4171&uiConfId=testDrm&entryId=tstDrm&Youbora=on,VOD DRM -Youbora pause & seek,Analytics
5530,https://externaltests.dev.kaltura.com/player/library_Player_V3/smartPages/Player_V3_generic_page.php?adTag=noAd&cdnUrl=testSec&parnterId=4171&uiConfId=testDrm&entryId=tstDrm&Youbora=on,VOD DRM-Youbora bitrate switch,Analytics
5537,http://externaltests.dev.kaltura.com/player/library_Player_V3/smartPages/Player_V3_generic_page.php?adTag=noAd&stPr1=hls&stPr2=dash&stPr3=progressive&deb=on&Youbora=on&entryId=tstKliveDvr,live HLS -Youbora pause & seek,Analytics
5538,http://externaltests.dev.kaltura.com/player/library_Player_V3/smartPages/Player_V3_generic_page.php?cdnUrl=test&parnterId=1091&uiConfId=testReg&entryId=tstKlive&deb=on&stPr1=hls&stPr2=dash&stPr3=progressive&txtLang=default&audioLang=default&a_s=0&adTag=noAd&Youbora=on&partnerIdProv=&ottUiConf=&ottEntry=&format1=&format2=,live HLS -Youbora playback ,Analytics
5539,http://externaltests.dev.kaltura.com/player/library_Player_V3/smartPages/Player_V3_generic_page.php?adTag=noAd&stPr1=hls&stPr2=dash&stPr3=progressive&deb=on&Youbora=on&entryId=tstKliveDvr,live HLS -Youbora bitrate switch,Analytics
5549,http://externaltests.dev.kaltura.com/player/library_Player_V3/smartPages/Player_V3_generic_page.php?adTag=noAd&stPr1=progressive&stPr2=dash&stPr3=hls&deb=on&Youbora=on,VOD Progressive Download-Youbora pause & seek ,Analytics
5551,http://externaltests.dev.kaltura.com/player/library_Player_V3/smartPages/Player_V3_generic_page.php?adTag=noAd&stPr1=progressive&stPr2=dash&stPr3=hls&deb=on&Youbora=on,VOD Progressive Download -Youbora playback Actions ,Analytics
5556,http://externaltests.dev.kaltura.com/player/library_Player_V3/smartPages/Player_V3_generic_page.php?cdnUrl=test&parnterId=1091&uiConfId=testReg&entryId=tstBasic&deb=on&stPr1=hls&stPr2=dash&stPr3=progressive&txtLang=default&audioLang=default&a_s=0&adTag=preWithoutSkip&Youbora=on&partnerIdProv=&ottUiConf=&ottEntry=&format1=&format2=,Youbora - SmartAds HLS - VOD Pre-roll basic playback,Youbora - Smart Ads
5557,http://externaltests.dev.kaltura.com/player/library_Player_V3/smartPages/Player_V3_generic_page.php?cdnUrl=test&parnterId=1091&uiConfId=testReg&entryId=tstBasic&deb=on&stPr1=hls&stPr2=dash&stPr3=progressive&txtLang=default&audioLang=default&a_s=0&adTag=vmPostBum&Youbora=on&partnerIdProv=&ottUiConf=&ottEntry=&format1=&format2=,Youbora - SmartAds HLS - VOD Bumper and Post-roll,Youbora - Smart Ads
5558,http://externaltests.dev.kaltura.com/player/library_Player_V3/smartPages/Player_V3_generic_page.php?cdnUrl=test&parnterId=1091&uiConfId=testReg&entryId=tstBasic&deb=on&stPr1=hls&stPr2=dash&stPr3=progressive&txtLang=default&audioLang=default&a_s=0&adTag=preWithSkip&Youbora=on&partnerIdProv=&ottUiConf=&ottEntry=&format1=&format2=,Youbora - SmartAds HLS - VOD Pre-roll with skip,Youbora - Smart Ads
5562,http://externaltests.dev.kaltura.com/player/library_Player_V3/smartPages/Player_V3_generic_page.php?cdnUrl=test&parnterId=1091&uiConfId=testReg&entryId=tstBasic&deb=on&stPr1=hls&stPr2=dash&stPr3=progressive&txtLang=default&audioLang=default&a_s=0&adTag=vmPreMidStPost&Youbora=on&partnerIdProv=&ottUiConf=&ottEntry=&format1=&format2=,"Youbora - SmartAds HLS - VOD Pre-roll, 3 Mid-rolls and Post-roll",Youbora - Smart Ads
5564,http://externaltests.dev.kaltura.com/player/library_Player_V3/smartPages/Player_V3_generic_page.php?cdnUrl=test&parnterId=1091&uiConfId=testReg&entryId=tstKliveDvr&deb=on&stPr1=hls&stPr2=dash&stPr3=progressive&txtLang=default&audioLang=default&a_s=0&adTag=preWithoutSkip&Youbora=on&partnerIdProv=&ottUiConf=&ottEntry=&format1=&format2=,Youbora - Smart Ads HLS - Live with DVR and Pre-roll,Youbora - Smart Ads
5566,http://externaltests.dev.kaltura.com/player/library_Player_V3/smartPages/Player_V3_generic_page.php?cdnUrl=test&parnterId=1091&uiConfId=testReg&entryId=tstBasic&deb=on&stPr1=hls&stPr2=dash&stPr3=progressive&txtLang=default&audioLang=default&a_s=0&adTag=preWithoutSkip&Youbora=on&partnerIdProv=&ottUiConf=&ottEntry=&format1=&format2=,Youbora - SmartAds HLS - VOD Pre-roll with buffering,Youbora - Smart Ads
5585,http://externaltests.dev.kaltura.com/player/library_Player_V3/smartPages/Player_V3_generic_page.php?cdnUrl=prod&parnterId=1740481&uiConfId=prodReg&entryId=prBasic&deb=on&stPr1=hls&stPr2=dash&stPr3=progressive&txtLang=default&audioLang=default&a_s=0&adTag=noLin&partnerIdProv=&ottUiConf=&ottEntry=&format1=&format2=,V3 - NonLinear Inline,Monetization - DFP
5586,http://externaltests.dev.kaltura.com/player/library_Player_V3/smartPages/Player_V3_generic_page.php?cdnUrl=prod&parnterId=1740481&uiConfId=prodReg&entryId=prCap&stPr1=def&stPr2=def&stPr3=def&txtLang=default&audioLang=default&a_s=0&adTag=vmPreMidPost&partnerIdProv=&ottUiConf=&ottEntry=&format1=&format2=,V3 - VMAP Pre-Mid-Post - HLS,Monetization - DFP
5587,http://externaltests.dev.kaltura.com/player/library_Player_V3/smartPages/Player_V3_generic_page.php?adTag=noAd&cdnUrl=prod&parnterId=1740481&uiConfId=prodReg&entryId=prBasic&stPr1=hls&stPr2=dash&stPr3=progressive&deb=on,V3 - Seek playback - HLS - Post production,Basic Playback
5588,http://externaltests.dev.kaltura.com/player/library_Player_V3/smartPages/Player_V3_generic_page.php?adTag=noAd&cdnUrl=prod&parnterId=1740481&uiConfId=prodReg&entryId=prBasic&stPr1=hls&stPr2=dash&stPr3=progressive&autoPlay=on&deb=on&MutAutPl=on,V3 - Auto Play fallback - HLS - Safari11/Chrome64 - Production,Basic Playback
5590,http://externaltests.dev.kaltura.com/player/library_Player_V3/smartPages/Player_V3_generic_page.php?adTag=noAd&stPr1=hls&stPr2=dash&stPr3=progressive&deb=on&entryId=tstCapAud,V3 - VOD - HLS - Kaltura stats playback,Analytics
5591,http://externaltests.dev.kaltura.com/player/library_Player_V3/smartPages/Player_V3_generic_page.php?adTag=noAd&stPr1=hls&stPr2=dash&stPr3=progressive&deb=on&entryId=tstCapAud,V3 - VOD - HLS - Kaltura stats - Seek,Analytics
5615,http://externaltests.dev.kaltura.com/player/library_Player_V3/smartPages/Player_V3_generic_page.php?adTag=noAd&stPr1=hls&stPr2=dash&stPr3=progressive&deb=on,Accessibility - play/pause/replay/fullscreen ,Accessibility
5618,http://externaltests.dev.kaltura.com/player/library_Player_V3/smartPages/Player_V3_generic_page.php?adTag=noAd&stPr1=hls&stPr2=dash&stPr3=progressive&deb=on,Accessibility - seek/video start/video end,Accessibility
5619,http://externaltests.dev.kaltura.com/player/library_Player_V3/smartPages/Player_V3_generic_page.php?adTag=noAd&stPr1=hls&stPr2=dash&stPr3=progressive&deb=on,Accessibility - navigation mode - tab key ,Accessibility
5620,http://externaltests.dev.kaltura.com/player/library_Player_V3/smartPages/Player_V3_generic_page.php?adTag=noAd&stPr1=hls&stPr2=dash&stPr3=progressive&deb=on,Accessibility - navigation mode - Scrubber,Accessibility
5621,http://externaltests.dev.kaltura.com/player/library_Player_V3/smartPages/Player_V3_generic_page.php?adTag=noAd&stPr1=hls&stPr2=dash&stPr3=progressive&deb=on,Accessibility - navigation mode - Play/Pause,Accessibility
5622,http://externaltests.dev.kaltura.com/player/library_Player_V3/smartPages/Player_V3_generic_page.php?adTag=noAd&stPr1=hls&stPr2=dash&stPr3=progressive&deb=on,Accessibility - navigation mode - Volume control,Accessibility
5631,http://externaltests.dev.kaltura.com/player/library_Player_V3/smartPages/Player_V3_generic_page.php?adTag=noAd&stPr1=hls&stPr2=dash&stPr3=progressive&deb=on,Accessibility - navigation mode - Fullscreen,Accessibility
5632,http://externaltests.dev.kaltura.com/player/library_Player_V3/smartPages/Player_V3_generic_page.php?adTag=noAd&stPr1=hls&stPr2=dash&stPr3=progressive&deb=on,Accessibility - navigation mode - select Audio track ,Accessibility
5635,http://externaltests.dev.kaltura.com/player/library_Player_V3/smartPages/Player_V3_generic_page.php?adTag=noAd&stPr1=hls&stPr2=dash&stPr3=progressive&deb=on,Accessibility - navigation mode - select captions,Accessibility
5641,http://externaltests.dev.kaltura.com/player/library_Player_V3/smartPages/Player_V3_generic_page.php?adTag=noAd&stPr1=hls&stPr2=dash&stPr3=progressive&deb=on,Accessibility - navigation mode - CVAA menu - sample ,Accessibility
5643,http://externaltests.dev.kaltura.com/player/library_Player_V3/smartPages/Player_V3_generic_page.php?adTag=noAd&stPr1=hls&stPr2=dash&stPr3=progressive&deb=on,Accessibility - navigation mode - CVAA menu - Size,Accessibility
5647,http://externaltests.dev.kaltura.com/player/library_Player_V3/smartPages/Player_V3_generic_page.php?adTag=noAd&stPr1=hls&stPr2=dash&stPr3=progressive&deb=on,Accessibility - navigation mode - CVAA menu - Font Color ,Accessibility
5649,http://externaltests.dev.kaltura.com/player/library_Player_V3/smartPages/Player_V3_generic_page.php?adTag=noAd&stPr1=hls&stPr2=dash&stPr3=progressive&deb=on,Accessibility - navigation mode - CVAA menu - Font family  ,Accessibility
5650,http://externaltests.dev.kaltura.com/player/library_Player_V3/smartPages/Player_V3_generic_page.php?adTag=noAd&stPr1=hls&stPr2=dash&stPr3=progressive&deb=on,Accessibility - navigation mode - CVAA menu - Font style  ,Accessibility
5651,http://externaltests.dev.kaltura.com/player/library_Player_V3/smartPages/Player_V3_generic_page.php?adTag=noAd&stPr1=hls&stPr2=dash&stPr3=progressive&deb=on,Accessibility - navigation mode - CVAA menu - Font opacity,Accessibility
5652,http://externaltests.dev.kaltura.com/player/library_Player_V3/smartPages/Player_V3_generic_page.php?adTag=noAd&stPr1=hls&stPr2=dash&stPr3=progressive&deb=on,Accessibility - navigation mode - CVAA menu - Background color,Accessibility
5654,http://externaltests.dev.kaltura.com/player/library_Player_V3/smartPages/Player_V3_generic_page.php?adTag=noAd&stPr1=hls&stPr2=dash&stPr3=progressive&deb=on,Accessibility - navigation mode - CVAA menu - Background opacity,Accessibility
5655,http://externaltests.dev.kaltura.com/player/library_Player_V3/smartPages/Player_V3_generic_page.php?adTag=noAd&stPr1=hls&stPr2=dash&stPr3=progressive&deb=on,Accessibility - navigation mode - CVAA menu - edit custom captions ,Accessibility
5658,http://externaltests.dev.kaltura.com/player/library_Player_V3/smartPages/Player_V3_generic_page.php?adTag=noAd&stPr1=hls&stPr2=dash&stPr3=progressive&deb=on,Accessibility - navigation mode - playback speed ,Accessibility
5659,http://externaltests.dev.kaltura.com/player/library_Player_V3/smartPages/Player_V3_generic_page.php?adTag=noAd&stPr1=hls&stPr2=dash&stPr3=progressive&entryId=tstAbr&deb=on,Accessibility - navigation mode - video quality,Accessibility
5660,http://externaltests.dev.kaltura.com/player/library_Player_V3/smartPages/Player_V3_generic_page.php?adTag=noAd&stPr1=hls&stPr2=dash&stPr3=progressive&deb=on,Accessibility - speed selector ,Accessibility
5669,http://externaltests.dev.kaltura.com/player/library_Player_V3/smartPages/Player_V3_generic_page.php?adTag=noAd&stPr1=hls&stPr2=dash&stPr3=progressive&entryId=tstCapAud&deb=on,Accessibility - show/hide captions,Accessibility
5681,http://externaltests.dev.kaltura.com/player/library_Player_V3/smartPages/Player_V3_generic_page.php?adTag=noAd&stPr1=hls&stPr2=dash&stPr3=progressive&deb=on,Accessibility - Volume control,Accessibility
5682,http://externaltests.dev.kaltura.com/player/library_Player_V3/smartPages/Player_V3_generic_page.php?adTag=noAd&stPr1=hls&stPr2=dash&stPr3=progressive&deb=on&autoPlay=on,Accessibility - playback - auto play,Accessibility
5683,http://externaltests.dev.kaltura.com/player/library_Player_V3/smartPages/Player_V3_generic_page.php?adTag=noAd&stPr1=hls&stPr2=dash&stPr3=progressive&deb=on&autoPlay=on,"Accessibility - navigation mode - CVAA menu - close custom setting by ""esc"" ",Accessibility
5684,http://externaltests.dev.kaltura.com/player/library_Player_V3/smartPages/Player_V3_generic_page.php?cdnUrl=test&parnterId=1091&uiConfId=testReg&entryId=tstBasic&deb=on&stPr1=dash&stPr2=hls&stPr3=progressive&txtLang=default&audioLang=default&a_s=0&adTag=preWithSkip&Youbora=on&partnerIdProv=&ottUiConf=&ottEntry=&format1=&format2=,Youbora SmartAds Dash - VOD Pre-roll with buffering,Youbora - Smart Ads
5688,http://externaltests.dev.kaltura.com/player/library_Player_V3/smartPages/Player_V3_generic_page.php?cdnUrl=test&parnterId=1091&uiConfId=testReg&entryId=tstBasic&deb=on&stPr1=dash&stPr2=hls&stPr3=progressive&txtLang=default&audioLang=default&a_s=0&adTag=vmPreMidPost&Youbora=on&partnerIdProv=&ottUiConf=&ottEntry=&format1=&format2=,"Youbora SmartAds Dash - VOD Pre-roll, Mid-roll and Post-roll",Youbora - Smart Ads
5689,http://externaltests.dev.kaltura.com/player/library_Player_V3/smartPages/Player_V3_generic_page.php?cdnUrl=test&parnterId=1091&uiConfId=testReg&entryId=tstBasic&deb=on&stPr1=dash&stPr2=hls&stPr3=progressive&txtLang=default&audioLang=default&a_s=0&adTag=vmPreMidPost&Youbora=on&partnerIdProv=&ottUiConf=&ottEntry=&format1=&format2=,Youbora SmartAds Dash - VOD Pre-roll with skip,Youbora - Smart Ads
5691,http://externaltests.dev.kaltura.com/player/library_Player_V3/smartPages/Player_V3_generic_page.php?cdnUrl=test&parnterId=1091&uiConfId=testReg&entryId=tstBasic&deb=on&stPr1=dash&stPr2=hls&stPr3=progressive&txtLang=default&audioLang=default&a_s=0&adTag=preWithoutSkip&Youbora=on&partnerIdProv=&ottUiConf=&ottEntry=&format1=&format2=,Youbora - SmartAds Dash - VOD Pre-roll basic playback,Youbora - Smart Ads
5692,http://externaltests.dev.kaltura.com/player/library_Player_V3/smartPages/Player_V3_generic_page.php?adTag=noAd&stPr1=hls&stPr2=dash&stPr3=progressive&entryId=tstKliveDvr&deb=on,Accessibility - Live with DVR - pause / seek / DVR start / DVR end,Accessibility
5703,http://externaltests.dev.kaltura.com/player/library_Player_V3/smartPages/Player_V3_generic_page.php?adTag=noAd&stPr1=hls&stPr2=dash&stPr3=progressive&deb=on&adTag=preWithSkip,Accessibility - DFP pre-roll with skip - playback,Accessibility
5706,http://externaltests.dev.kaltura.com/player/library_Player_V3/smartPages/Player_V3_generic_page.php?adTag=noAd&stPr1=hls&stPr2=dash&stPr3=progressive&deb=on&adTag=preWithSkip,Accessibility - navigation mode - DFP pre-roll with skip,Accessibility
5707,http://externaltests.dev.kaltura.com/player/library_Player_V3/smartPages/Player_V3_generic_page.php?adTag=noAd&stPr1=hls&stPr2=dash&stPr3=progressive&deb=on&adTag=vmPreMidPost,Accessibility - DFP pre-mid-post roll - playback,Accessibility
5708,http://externaltests.dev.kaltura.com/player/library_Player_V3/smartPages/Player_V3_generic_page.php?adTag=noAd&stPr1=hls&stPr2=dash&stPr3=progressive&deb=on&adTag=vmPreMidPost,Accessibility - navigation mode - DFP pre-mid-post roll ,Accessibility
5709,http://externaltests.dev.kaltura.com/player/library_Player_V3/smartPages/Player_V3_generic_page.php?adTag=noAd&stPr1=hls&stPr2=dash&stPr3=progressive&deb=on&adTag=noLin,Accessibility - DFP overlay- playback,Accessibility
5711,http://externaltests.dev.kaltura.com/player/library_Player_V3/smartPages/Player_V3_generic_page.php?adTag=noAd&stPr1=hls&stPr2=dash&stPr3=progressive&deb=on&adTag=noLin,Accessibility - navigation mode - DFP overlay,Accessibility
5713,http://externaltests.dev.kaltura.com/player/library_Player_V3/smartPages/Player_V3_generic_page.php?cdnUrl=test&partnerId=198&uiConfId=ott&entryId=ottLongVod&stPr1=hls&stPr2=dash&stPr3=progressive&txtLang=default&audioLang=default&a_s=0&autoPlay=on&MutAutPl=on&plIn=on&adTag=noAd,OTT Analytics - HLS playback with autoplay,Analytics - OTT
5761,http://externaltests.dev.kaltura.com/player/library_Player_V3/smartPages/Player_V3_generic_page.php?cdnUrl=test&partnerId=198&uiConfId=ott&entryId=ottExtLive&stPr1=hls&stPr2=dash&stPr3=progressive&txtLang=default&audioLang=default&a_s=0&adTag=noAd,OTT Providers - LIVE without DVR,OTT Providers
5765,http://externaltests.dev.kaltura.com/player/library_Player_V3/smartPages/Player_V3_generic_page.php?cdnUrl=test&partnerId=198&uiConfId=ott&entryId=ottVod&stPr1=hls&stPr2=dash&stPr3=progressive&txtLang=default&audioLang=default&a_s=0&adTag=noAd,"OTT Providers - VOD - Play, Pause, Seek and Stop",OTT Providers
5770,http://externaltests.dev.kaltura.com/player/library_Player_V3/smartPages/Player_V3_generic_page.php?cdnUrl=test&partnerId=198&uiConfId=ott&entryId=ottVod&stPr1=hls&stPr2=dash&stPr3=progressive&txtLang=default&audioLang=default&a_s=0&adTag=noLin,OTT Providers - DoubleClick overlay,OTT Providers
5774,http://externaltests.dev.kaltura.com/player/library_Player_V3/smartPages/Player_V3_generic_page.php?cdnUrl=test&partnerId=198&uiConfId=ott&entryId=ottLongVod&stPr1=hls&stPr2=dash&stPr3=progressive&txtLang=default&audioLang=default&a_s=0&adTag=noAd,OTT Providers - HLS Seek playback,OTT Providers
5775,http://externaltests.dev.kaltura.com/player/library_Player_V3/smartPages/Player_V3_generic_page.php?cdnUrl=test&partnerId=198&uiConfId=ott&entryId=ottVod&stPr1=hls&stPr2=dash&stPr3=progressive&txtLang=default&audioLang=default&a_s=0&autoPlay=on&MutAutPl=on&plIn=on&adTag=noAd,OTT Providers - HLS Auto Play,OTT Providers
5786,https://externaltests.dev.kaltura.com/player/library_Player_V3/smartPages/Player_V3_generic_page.php?cdnUrl=test&partnerId=198&uiConfId=ott&entryId=ottDrm&stPr1=dash&stPr2=hls&stPr3=progressive&txtLang=default&audioLang=default&a_s=0&adTag=noAd,OTT Providers - Dash - Multiple Audio Track - Playback,OTT Providers
5787,https://externaltests.dev.kaltura.com/player/library_Player_V3/smartPages/Player_V3_generic_page.php?cdnUrl=test&partnerId=198&uiConfId=ott&entryId=ottDrm&stPr1=dash&stPr2=hls&stPr3=progressive&txtLang=default&audioLang=default&a_s=0&adTag=noAd,OTT Providers - uDRM_Shaka Dash - Playback,OTT Providers
5790,https://externaltests.dev.kaltura.com/player/library_Player_V3/smartPages/Player_V3_generic_page.php?cdnUrl=test&partnerId=198&uiConfId=ott&entryId=ottDrm&stPr1=dash&stPr2=hls&stPr3=progressive&txtLang=default&audioLang=default&a_s=0&adTag=noAd,OTT Providers - Seek playback - MPEG Dash,OTT Providers
5791,http://externaltests.dev.kaltura.com/player/library_Player_V3/smartPages/Player_V3_generic_page.php?cdnUrl=test&partnerId=198&uiConfId=ott&entryId=ottVod&stPr1=hls&stPr2=dash&stPr3=progressive&txtLang=default&audioLang=default&a_s=0&adTag=noAd&Youbora=on,OTT Analytics API - Youbora - HLS VOD - single entry playback,OTT Providers
5796,http://externaltests.dev.kaltura.com/player/library_Player_V3/smartPages/Player_V3_generic_page.php?cdnUrl=test&partnerId=198&uiConfId=ott&entryId=ottVod&stPr1=hls&stPr2=dash&stPr3=progressive&txtLang=default&audioLang=default&a_s=0&autoPlay=on&MutAutPl=on&plIn=on&adTag=vmPreMidPost,OTT Providers - HLS VMAP Pre-Mid-Post - Auto Play,OTT Providers
5799,http://externaltests.dev.kaltura.com/player/library_Player_V3/smartPages/Player_V3_generic_page.php?cdnUrl=test&partnerId=198&uiConfId=ott&entryId=ottVod&stPr1=hls&stPr2=dash&stPr3=progressive&txtLang=default&audioLang=default&a_s=0&autoPlay=on&MutAutPl=on&plIn=on&adTag=vmPre,OTT Providers - HLS DFP PreRoll - Auto Play,OTT Providers
5830,http://externaltests.dev.kaltura.com/player/library_Player_V3/smartPages/Player_V3_generic_page.php?cdnUrl=test&partnerId=198&uiConfId=ott&entryId=ottVod&stPr1=hls&stPr2=dash&stPr3=progressive&txtLang=default&audioLang=default&a_s=0&autoPlay=on&MutAutPl=on&plIn=on&adTag=preWithSkip,OTT Analytics - HLS DFP PreRoll - Auto Play,Analytics - OTT
5831,https://externaltests.dev.kaltura.com/player/library_Player_V3/smartPages/Player_V3_generic_page.php?cdnUrl=test&partnerId=198&uiConfId=ott&entryId=ottDrm&stPr1=dash&stPr2=hls&stPr3=progressive&txtLang=default&audioLang=default&a_s=0&adTag=noAd,OTT Analytics - uDRM_Shaka Dash - Playback,Analytics - OTT
5832,https://externaltests.dev.kaltura.com/player/library_Player_V3/smartPages/Player_V3_generic_page.php?cdnUrl=test&partnerId=198&uiConfId=ott&entryId=ottDrm&stPr1=dash&stPr2=hls&stPr3=progressive&txtLang=default&audioLang=default&a_s=0&adTag=noAd,OTT Analytics - DASH - Multiple Audio Track - Playback,Analytics - OTT
5835,http://externaltests.dev.kaltura.com/player/library_Player_V3/smartPages/Player_V3_generic_page.php?cdnUrl=test&partnerId=198&uiConfId=ott&entryId=ottExtLive&stPr1=hls&stPr2=dash&stPr3=progressive&txtLang=default&audioLang=default&a_s=0&Dvr=on&adTag=noAd,OTT Analytics - LIVE with DVR,Analytics - OTT
5836,http://externaltests.dev.kaltura.com/player/library_Player_V3/smartPages/Player_V3_generic_page.php?cdnUrl=test&partnerId=198&uiConfId=ott&entryId=ottVod&stPr1=hls&stPr2=dash&stPr3=progressive&txtLang=default&audioLang=default&a_s=0&adTag=noAd,OTT Analytics API: HLS VOD - play pause stop seek,Analytics - OTT
5837,http://externaltests.dev.kaltura.com/player/library_Player_V3/smartPages/Player_V3_generic_page.php?cdnUrl=test&partnerId=198&uiConfId=ott&entryId=ottExtLive&stPr1=hls&stPr2=dash&stPr3=progressive&txtLang=default&audioLang=default&a_s=0&adTag=noAd,OTT Analytics API: HLS VOD - play pause stop seek with ABR,Analytics - OTT
5884,http://externaltests.dev.kaltura.com/player/library_Player_V3/smartPages/Player_V3_generic_page.php?adTag=noAd&stPr1=dash&stPr2=hls&stPr3=progressive&deb=on,V3 - Preload none - Seek playback - DASH,Basic Playback
5887,http://externaltests.dev.kaltura.com/player/library_Player_V3/smartPages/Player_V3_generic_page.php?adTag=noAd&stPr1=hls&stPr2=dash&stPr3=progressive&preEnb=on&deb=on&adTag=noAd,V3 - HLS - Loading chunks before clicking on play,Basic Playback
5888,http://externaltests.dev.kaltura.com/player/library_Player_V3/smartPages/Player_V3_generic_page.php?cdnUrl=test&partnerId=1091&uiConfId=testNoPlug&entryId=empty&deb=on&stPr1=dash&stPr2=hls&stPr3=progressive&txtLang=default&audioLang=default&a_s=0&preEnb=on&adTag=noAd&WMPlace=botRight,V3 - DASH - Loading chunks before clicking on play,Basic Playback
5892,http://externaltests.dev.kaltura.com/player/library_Player_V3/smartPages/Player_V3_generic_page.php?adTag=noAd&cdnUrl=prod&parnterId=1740481&uiConfId=prodReg&entryId=prBasic&stPr1=hls&stPr2=dash&stPr3=progressive&deb=on,V3 - Accessibility - basic playback - Production,Basic Playback
5893,http://externaltests.dev.kaltura.com/player/library_Player_V3/smartPages/Player_V3_generic_page.php?adTag=noAd&cdnUrl=prod&parnterId=1740481&uiConfId=prodReg&entryId=prBasic&stPr1=hls&stPr2=dash&stPr3=progressive&preEnb=on&deb=on,V3 - HLS - Loading chunks before clicking on play - Production,Basic Playback
5895,http://externaltests.dev.kaltura.com/player/library_Player_V3/smartPages/Player_V3_generic_page.php?adTag=noAd&entryId=tstLong&stPr1=hls&stPr2=dash&stPr3=progressive&deb=on,V3 - VOD - HLS - Performance,Basic Playback
5896,http://externaltests.dev.kaltura.com/player/library_Player_V3/smartPages/Player_V3_generic_page.php?adTag=noAd&entryId=tstLong&stPr1=hls&stPr2=dash&stPr3=progressive&autoPlay=on&deb=on,V3 - VOD - HLS - Performance - AutoPlay,Basic Playback
5897,http://externaltests.dev.kaltura.com/player/library_Player_V3/smartPages/Player_V3_generic_page.php?adTag=noAd&entryId=tstLong&stPr1=dash&stPr2=hls&stPr3=progressive&deb=on,V3 - VOD - Dash - Performance,Basic Playback
5898,http://externaltests.dev.kaltura.com/player/library_Player_V3/smartPages/Player_V3_generic_page.php?adTag=noAd&entryId=tstLong&stPr1=dash&stPr2=hls&stPr3=progressive&autoPlay=on&deb=on,V3 - VOD - Dash - Performance - AutoPlay,Basic Playback
5992,http://externaltests.dev.kaltura.com/player/library_Player_V3/smartPages/Player_V3_generic_page.php?adTag=noAd&stPr1=hls&stPr2=dash&stPr3=progressive&deb=on&adTag=noAd,VOD - HLS - Kaltura stats - seek ,Analytics
6050,http://externaltests.dev.kaltura.com/player/library_Player_V3/smartPages/Player_V3_generic_page.php?adTag=noAd&stPr1=hls&stPr2=dash&stPr3=progressive&deb=on&entryId=tstKlive,V3 - HLS - External stream - Whether Nation ,Live
6091,http://externaltests.dev.kaltura.com/player/library_Player_V3/smartPages/Player_V3_generic_page.php?stPr1=hls&stPr2=dash&stPr3=progressive&deb=on&adTag=vmPreMidPost,V3 - VMAP Pre-Mid-Post with pop up blocker - HLS,Advertisiments
6094,http://externaltests.dev.kaltura.com/player/library_Player_V3/smartPages/Player_V3_generic_page.php?stPr1=hls&stPr2=dash&stPr3=progressive&deb=on&adTag=vmPreBum,V3 - VMAP PreRoll + Bumper with pop up blocker - HLS,Advertisiments
6103,http://externaltests.dev.kaltura.com/player/library_Player_V3/smartPages/Player_V3_generic_page.php?adTag=noAd&stPr1=hls&stPr2=dash&stPr3=progressive&deb=on,KAVA - VOD - HLS - Basic Playback with parameters calculate,KAVA
6104,http://externaltests.dev.kaltura.com/player/library_Player_V3/smartPages/Player_V3_generic_page.php?adTag=noAd&stPr1=hls&stPr2=dash&stPr3=progressive&deb=on,KAVA - VOD - HLS - Seek with parameters calculate,KAVA
6105,http://externaltests.dev.kaltura.com/player/library_Player_V3/smartPages/Player_V3_generic_page.php?adTag=noAd&stPr1=dash&stPr2=hls&stPr3=progressive&deb=on,KAVA - VOD - DASH - Basic Playback,KAVA
6106,http://externaltests.dev.kaltura.com/player/library_Player_V3/smartPages/Player_V3_generic_page.php?adTag=noAd&stPr1=hls&stPr2=dash&stPr3=progressive&deb=on&entryId=tstCapAud,KAVA - VOD - HLS - captions,KAVA
6107,http://externaltests.dev.kaltura.com/player/library_Player_V3/smartPages/Player_V3_generic_page.php?adTag=noAd&stPr1=hls&stPr2=dash&stPr3=progressive&deb=on&entryId=tstAud,KAVA - VOD - HLS - multi audio,KAVA
6108,http://externaltests.dev.kaltura.com/player/library_Player_V3/smartPages/Player_V3_generic_page.php?adTag=noAd&stPr1=hls&stPr2=dash&stPr3=progressive&deb=on&entryId=tstManSw,KAVA - VOD - HLS - manual bitrate switch ,KAVA
6109,http://externaltests.dev.kaltura.com/player/library_Player_V3/smartPages/Player_V3_generic_page.php?adTag=noAd&stPr1=hls&stPr2=dash&stPr3=progressive&deb=on&entryId=tstAbr,KAVA - VOD - HLS - ABR ,KAVA
6110,http://externaltests.dev.kaltura.com/player/library_Player_V3/smartPages/Player_V3_generic_page.php?adTag=noAd&stPr1=hls&stPr2=dash&stPr3=progressive&deb=on&autoPlay=on,KAVA - VOD - HLS - Basic Playback - AutoPlay,KAVA
6111,http://externaltests.dev.kaltura.com/player/library_Player_V3/smartPages/Player_V3_generic_page.php?adTag=noAd&stPr1=progressive&stPr2=dash&stPr3=hls&deb=on,KAVA - VOD - MP4 - Basic Playback,KAVA
6112,http://externaltests.dev.kaltura.com/player/library_Player_V3/smartPages/Player_V3_generic_page.php?stPr1=hls&stPr2=dash&stPr3=progressive&deb=on&adTag=vmPreMidPost,KAVA - VOD - HLS - pre-mid-post rolls Ad ,KAVA
6113,http://externaltests.dev.kaltura.com/player/library_Player_V3/smartPages/Player_V3_generic_page.php?adTag=noAd&stPr1=hls&stPr2=dash&stPr3=progressive&deb=on,KAVA - VOD - HLS - Error - invalid entryID,KAVA
6115,http://externaltests.dev.kaltura.com/player/library_Player_V3/smartPages/Player_V3_generic_page.php?adTag=noAd&stPr1=hls&stPr2=dash&stPr3=progressive&deb=on,KAVA - VOD - HLS - reset session,KAVA
6116,http://externaltests.dev.kaltura.com/player/library_Player_V3/smartPages/Player_V3_generic_page.php?adTag=noAd&stPr1=hls&stPr2=dash&stPr3=progressive&deb=on,KAVA - VOD - HLS - referrer prefixes,KAVA
6117,http://externaltests.dev.kaltura.com/player/library_Player_V3/smartPages/Player_V3_generic_page.php?adTag=noAd&stPr1=hls&stPr2=dash&stPr3=progressive&deb=on,KAVA - VOD - HLS - sessionStartTime update,KAVA
6118,http://externaltests.dev.kaltura.com/player/library_Player_V3/smartPages/Player_V3_generic_page.php?adTag=noAd&stPr1=hls&stPr2=dash&stPr3=progressive&deb=on,KAVA - VOD - HLS - short network disconnect/reconnect,KAVA
6119,http://externaltests.dev.kaltura.com/player/library_Player_V3/smartPages/Player_V3_generic_page.php?adTag=noAd&stPr1=hls&stPr2=dash&stPr3=progressive&deb=on,KAVA - VOD - HLS - custom parameters,KAVA
6120,http://externaltests.dev.kaltura.com/player/library_Player_V3/smartPages/Player_V3_generic_page.php?adTag=noAd&stPr1=hls&stPr2=dash&stPr3=progressive&deb=on&entryId=tstKlive,KAVA - Kaltura Live without DVR - HLS - Basic Playback ,KAVA
6121,http://externaltests.dev.kaltura.com/player/library_Player_V3/smartPages/Player_V3_generic_page.php?adTag=noAd&stPr1=hls&stPr2=dash&stPr3=progressive&deb=on&entryId=tstKliveDvr,KAVA - Kaltura Live with DVR - HLS - Basic Playback ,KAVA
6122,http://externaltests.dev.kaltura.com/player/library_Player_V3/smartPages/Player_V3_generic_page.php?adTag=noAd&stPr1=hls&stPr2=dash&stPr3=progressive&deb=on&entryId=tstExLive,KAVA - External Live - HLS - Basic Playback,KAVA
6123,http://externaltests.dev.kaltura.com/player/library_Player_V3/smartPages/Player_V3_generic_page.php?adTag=preWithSkip&stPr1=hls&stPr2=dash&stPr3=progressive&deb=on&entryId=tstKlive,KAVA - Kaltura Live - HLS - Pre-roll Ad,KAVA
6124,http://externaltests.dev.kaltura.com/player/library_Player_V3/smartPages/Player_V3_generic_page.php?adTag=noAd&stPr1=hls&stPr2=dash&stPr3=progressive&deb=on&entryId=tstAudEnt,KAVA - Audio entry - Basic Playback,KAVA
6125,http://externaltests.dev.kaltura.com/player/library_Player_V3/smartPages/Player_V3_generic_page.php?adTag=noAd&stPr1=hls&stPr2=dash&stPr3=progressive&deb=on,KAVA+C206:R214 - VOD - HLS - move to background (mobile only),KAVA
6126,http://externaltests.dev.kaltura.com/player/library_Player_V3/smartPages/Player_V3_generic_page.php?adTag=noAd&stPr1=hls&stPr2=dash&stPr3=progressive&deb=on,KAVA - VOD - HLS - lock/unlock device (mobile only) ,KAVA
6127,http://externaltests.dev.kaltura.com/player/library_Player_V3/smartPages/Player_V3_generic_page.php?adTag=noAd&stPr1=hls&stPr2=dash&stPr3=progressive&deb=on,KAVA - VOD - HLS - Error - invalid baseURL,KAVA
6128,http://externaltests.dev.kaltura.com/player/library_Player_V3/smartPages/Player_V3_generic_page.php?adTag=noAd&stPr1=hls&stPr2=dash&stPr3=progressive&deb=on,KAVA - VOD - HLS - long network disconnect/reconnect ,KAVA
6129,http://externaltests.dev.kaltura.com/player/library_Player_V3/smartPages/Player_V3_generic_page.php?adTag=noAd&stPr1=hls&stPr2=dash&stPr3=progressive&deb=on,KAVA - VOD - HLS - enable/disable View events,KAVA
6130,http://externaltests.dev.kaltura.com/player/library_Player_V3/smartPages/Player_V3_generic_page.php?stPr1=hls&stPr2=dash&stPr3=progressive&deb=on&adTag=preWithoutSkip&GA=on&entryId=tstKlive,GA - HLS -Live with Pre-Roll,Google analytics
6131,http://externaltests.dev.kaltura.com/player/library_Player_V3/smartPages/Player_V3_generic_page.php?adTag=noAd&stPr1=hls&stPr2=dash&stPr3=progressive&deb=on&adTag=vmPreMidPost&GA=on,GA - HLS - Pre-Mid-Post,Google analytics
6147,http://externaltests.dev.kaltura.com/player/library_Player_V3/smartPages/Player_V3_generic_page.php?adTag=noAd&adTag=noAd&stPr1=hls&stPr2=dash&stPr3=progressive&deb=on,V3 - Seek playback - HLS ,Basic Playback
6148,http://externaltests.dev.kaltura.com/player/library_Player_V3/smartPages/Player_V3_generic_page.php?adTag=noAd&adTag=noAd&stPr1=dash&stPr2=hls&stPr3=progressive&deb=on,V3 - Seek playback - HLS ,Basic Playback
6149,http://externaltests.dev.kaltura.com/player/library_Player_V3/smartPages/Player_V3_generic_page.php?stPr1=hls&stPr2=dash&stPr3=progressive&deb=on&adTag=preWithSkip&autoPlay=on&MutAutPl=on,IMA autoPlay flag - Auto Play required muted,AutoPlay
6150,http://externaltests.dev.kaltura.com/player/library_Player_V3/smartPages/Player_V3_generic_page.php?stPr1=hls&stPr2=dash&stPr3=progressive&deb=on&adTag=preWithSkip&autoPlay=on,IMA autoPlay/muted flags - Auto Play no required mute,AutoPlay
6151,http://externaltests.dev.kaltura.com/player/library_Player_V3/smartPages/Player_V3_generic_page.php?stPr1=hls&stPr2=dash&stPr3=progressive&deb=on&adTag=preWithSkip,IMA autoPlay/muted flags - Auto Play no required mute,AutoPlay
6157,http://externaltests.dev.kaltura.com/player/library_Player_V3/smartPages/Player_V3_generic_page.php?stPr1=hls&stPr2=dash&stPr3=progressive&deb=on&adTag=preWithSkip,V3 - pre-roll with skip - disable media preload (preload=none),Advertisiments
6158,http://externaltests.dev.kaltura.com/player/library_Player_V3/smartPages/Player_V3_generic_page.php?stPr1=hls&stPr2=dash&stPr3=progressive&deb=on&adTag=preWithSkip&preEnb=on,V3 - pre-roll with skip - enable media preload (preload=auto),Advertisiments
6159,http://externaltests.dev.kaltura.com/player/library_Player_V3/smartPages/Player_V3_generic_page.php?stPr1=hls&stPr2=dash&stPr3=progressive&deb=on&adTag=noAd&GA=on&entryId=tstAud,GA - Basic Playback - HLS ,Google analytics
6160,http://externaltests.dev.kaltura.com/player/library_Player_V3/smartPages/Player_V3_generic_page.php?stPr1=hls&stPr2=dash&stPr3=progressive&deb=on&adTag=noAd&GA=on&entryId=tstAud&autoPlay=on&MutAutPl=on,GA - AutoPlay - HLS ,Google analytics
6161,http://externaltests.dev.kaltura.com/player/library_Player_V3/smartPages/Player_V3_generic_page.php?stPr1=dash&stPr2=progressive&stPr3=hls&deb=on&adTag=noAd&GA=on&entryId=tstAud,GA - Basic Playback - Dash,Google analytics
6162,http://externaltests.dev.kaltura.com/player/library_Player_V3/smartPages/Player_V3_generic_page.php?stPr1=progressive&stPr2=dash&stPr3=hls&deb=on&adTag=noAd&GA=on&entryId=tstAud,GA - Basic Playback - MP4,Google analytics
6163,http://externaltests.dev.kaltura.com/player/library_Player_V3/smartPages/Player_V3_generic_page.php?stPr1=hls&stPr2=dash&stPr3=progressive&deb=on&adTag=noAd&GA=on&entryId=invalid,GA - NoSourceCustomError,Google analytics
6171,http://externaltests.dev.kaltura.com/player/library_Player_V3/smartPages/Player_V3_generic_page.php?stPr1=hls&stPr2=dash&stPr3=progressive&deb=on&adTag=noAd&GA=on&entryId=tstKlive,GA - Kaltura Live - HLS ,Google analytics
6172,http://externaltests.dev.kaltura.com/player/library_Player_V3/smartPages/Player_V3_generic_page.php?stPr1=hls&stPr2=dash&stPr3=progressive&deb=on&adTag=noAd&GA=on&entryId=tstKliveDvr,GA - Kaltura Live with DVR - HLS ,Google analytics
6173,http://externaltests.dev.kaltura.com/player/library_Player_V3/smartPages/Player_V3_generic_page.php?stPr1=hls&stPr2=dash&stPr3=progressive&deb=on&adTag=noAd&GA=on&entryId=tstAud,GA - Move to background (mobile only) - HLS,Google analytics
6174,http://externaltests.dev.kaltura.com/player/library_Player_V3/smartPages/Player_V3_generic_page.php?stPr1=hls&stPr2=dash&stPr3=progressive&deb=on&adTag=noAd&GA=on&entryId=tstAud,GA - Lock/unlock device (mobile only) - HLS,Google analytics
6177,http://externaltests.dev.kaltura.com/player/library_Player_V3/smartPages/Player_V3_generic_page.php?stPr1=hls&stPr2=dash&stPr3=progressive&deb=on&adTag=preWithSkip&GA=on&entryId=tstAud,GA - HLS - Pre-Roll,Google analytics
6178,http://externaltests.dev.kaltura.com/player/library_Player_V3/smartPages/Player_V3_generic_page.php?stPr1=hls&stPr2=dash&stPr3=progressive&deb=on&adTag=noAd&GA=on&entryId=tstKlive&autoPlay=on,GA - Kaltura Live with AutoPlay - HLS,Google analytics
6180,http://externaltests.dev.kaltura.com/player/library_Player_V3/smartPages/Player_V3_generic_page.php?stPr1=hls&stPr2=dash&stPr3=progressive&deb=on&adTag=noAd&GA=on&entryId=tstWnIntSrc,GA - External Live - HLS - Basic Playback,Google analytics
6181,http://externaltests.dev.kaltura.com/player/library_Player_V3/smartPages/Player_V3_generic_page.php?stPr1=hls&stPr2=dash&stPr3=progressive&deb=on&adTag=noAd&GA=on&entryId=tstAudEnt2,GA - Audio Entry - Basic Playback - HLS,Google analytics
6182,https://externaltests.dev.kaltura.com/player/library_Player_V3/smartPages/Player_V3_generic_page.php?cdnUrl=testSec&partnerId=4171&uiConfId=testDrm&entryId=tstDrm&stPr1=def&stPr2=def&stPr3=def&txtLang=default&audioLang=default&a_s=0&adTag=noAd&GA=on,GA - Basic Playback - DRM,Google analytics
6184,http://externaltests.dev.kaltura.com/player/library_Player_V3/smartPages/Player_V3_generic_page.php?adTag=noAd&stPr1=dash&stPr2=hls&stPr3=progressive&deb=on&entryId=tstCapAud,Captions - Disable-Enable & Full screen - HLSDash ,Captions
6185,http://externaltests.dev.kaltura.com/player/library_Player_V3/smartPages/Player_V3_generic_page.php?cdnUrl=test&partnerId=1091&uiConfId=testReg&entryId=tstBasic&stPr1=hls&stPr2=dash&stPr3=progressive&txtLang=default&audioLang=default&a_s=0&adTag=noAd&Comscore=on,Comscore: HLS VOD playback,Analytics - comScoreStreamingTag
6189,http://externaltests.dev.kaltura.com/player/library_Player_V3/smartPages/Player_V3_generic_page.php?cdnUrl=test&partnerId=1091&uiConfId=testReg&entryId=tstKlive&stPr1=hls&stPr2=dash&stPr3=progressive&txtLang=default&audioLang=default&a_s=0&adTag=noAd&Comscore=on,Comscore: Kaltura Live without DVR,Analytics - comScoreStreamingTag
6190,http://externaltests.dev.kaltura.com/player/library_Player_V3/smartPages/Player_V3_generic_page.php?cdnUrl=test&partnerId=1091&uiConfId=testReg&entryId=tstKliveDvr&stPr1=hls&stPr2=dash&stPr3=progressive&txtLang=default&audioLang=default&a_s=0&adTag=noAd&Comscore=on,Comscore: Kaltura Live with DVR,Analytics - comScoreStreamingTag
6191,http://externaltests.dev.kaltura.com/player/library_Player_V3/smartPages/Player_V3_generic_page.php?cdnUrl=test&partnerId=1091&uiConfId=testReg&entryId=tst1RusLive&stPr1=hls&stPr2=dash&stPr3=progressive&txtLang=default&audioLang=default&a_s=0&adTag=noAd&Comscore=on,Comscore: External Live,Analytics - comScoreStreamingTag
6192,http://externaltests.dev.kaltura.com/player/library_Player_V3/smartPages/Player_V3_generic_page.php?cdnUrl=test&partnerId=1091&uiConfId=testReg&entryId=tstUlive&stPr1=hls&stPr2=dash&stPr3=progressive&txtLang=default&audioLang=default&a_s=0&adTag=noAd&Comscore=on,Comscore: Universal Live with DVR,Analytics - comScoreStreamingTag
6193,http://externaltests.dev.kaltura.com/player/library_Player_V3/smartPages/Player_V3_generic_page.php?cdnUrl=test&partnerId=1091&uiConfId=testReg&entryId=tstBasic&stPr1=hls&stPr2=dash&stPr3=progressive&txtLang=default&audioLang=default&a_s=0&adTag=preWithSkip&Comscore=on,Comscore: VOD playback with DFP pre-roll skip,Analytics - comScoreStreamingTag
6194,http://externaltests.dev.kaltura.com/player/library_Player_V3/smartPages/Player_V3_generic_page.php?cdnUrl=test&partnerId=1091&uiConfId=testReg&entryId=tstBasic&stPr1=hls&stPr2=dash&stPr3=progressive&txtLang=default&audioLang=default&a_s=0&adTag=vmPreMidPost&Comscore=on,Comscore: VOD playback with DFP pre-mid-post rolls,Analytics - comScoreStreamingTag
6196,http://externaltests.dev.kaltura.com/player/library_Player_V3/smartPages/Player_V3_generic_page.php?cdnUrl=test&partnerId=1091&uiConfId=testReg&entryId=tstBasic&stPr1=hls&stPr2=dash&stPr3=progressive&txtLang=default&audioLang=default&a_s=0&autoPlay=on&adTag=noAd&Comscore=on,Comscore: VOD playback - auto Play,Analytics - comScoreStreamingTag
6197,http://externaltests.dev.kaltura.com/player/library_Player_V3/smartPages/Player_V3_generic_page.php?cdnUrl=test&partnerId=1091&uiConfId=testReg&entryId=tstAbr&stPr1=hls&stPr2=dash&stPr3=progressive&txtLang=default&audioLang=default&a_s=0&plIn=on&adTag=noAd&Comscore=on&WMPlace=botRight,Comscore: VOD - bitrate switch,Analytics - comScoreStreamingTag
6198,http://externaltests.dev.kaltura.com/player/library_Player_V3/smartPages/Player_V3_generic_page.php?cdnUrl=test&partnerId=1091&uiConfId=testReg&entryId=tstKliveDvr&stPr1=def&stPr2=def&stPr3=def&txtLang=default&audioLang=default&a_s=0&adTag=noAd&Comscore=on,Comscore: Kaltura Live stream is down,Analytics - comScoreStreamingTag
6201,http://externaltests.dev.kaltura.com/player/library_Player_V3/smartPages/Player_V3_generic_page.php?cdnUrl=test&partnerId=198&uiConfId=ott&entryId=ottVod&stPr1=hls&stPr2=dash&stPr3=progressive&txtLang=default&audioLang=default&a_s=0&adTag=noAd&GA=on,GA - OTT - Playback E2E - HLS,Google analytics
6204,http://externaltests.dev.kaltura.com/player/library_Player_V3/smartPages/Player_V3_generic_page.php?stPr1=hls&stPr2=dash&stPr3=progressive&deb=on&adTag=noLin&GA=on&entryId=tstAud,GA - HLS - non linear,Google analytics
6205,http://externaltests.dev.kaltura.com/player/library_Player_V3/smartPages/Player_V3_generic_page.php?stPr1=hls&stPr2=dash&stPr3=progressive&deb=on&adTag=noAd&GA=on&entryId=tstAud,GA - Seek & Pause - HLS,Google analytics
6206,http://externaltests.dev.kaltura.com/player/library_Player_V3/smartPages/Player_V3_generic_page.php?stPr1=hls&stPr2=dash&stPr3=progressive&deb=on&adTag=noAd&GA=on&entryId=tstAud&preEnb=on,GA - Basic Playback - HLS ,Google analytics
6207,http://externaltests.dev.kaltura.com/player/library_Player_V3/smartPages/Player_V3_generic_page.php?stPr1=hls&stPr2=dash&stPr3=progressive&deb=on&adTag=noAd&GA=on&entryId=tstAbr,GA - Flavor selector - Quality - HLS,Google analytics
6208,http://externaltests.dev.kaltura.com/player/library_Player_V3/smartPages/Player_V3_generic_page.php?cdnUrl=prod&parnterId=1740481&uiConfId=prodReg&entryId=prBasic&adTag=noAd&deb=on&GA=on,GA - Playback E2E - HLS - Production ,Google analytics
6213,http://externaltests.dev.kaltura.com/player/library_Player_V3/smartPages/Player_V3_generic_page.php?cdnUrl=prod&parnterId=1740481&uiConfId=prodReg&entryId=prBasic&deb=on&stPr1=hls&stPr2=dash&stPr3=progressive&txtLang=default&audioLang=default&a_s=0&adTag=noAd&partnerIdProv=&ottUiConf=&ottEntry=&format1=&format2=,Production V3 - VOD - HLS - Kaltura stats playback,Analytics - Kaltura Stats
6215,http://externaltests.dev.kaltura.com/player/library_Player_V3/smartPages/Player_V3_generic_page.php?cdnUrl=test&parnterId=1091&uiConfId=testReg&entryId=empty&deb=on&stPr1=hls&stPr2=dash&stPr3=progressive&txtLang=default&audioLang=default&a_s=0&adTag=noLin&Youbora=on&partnerIdProv=&ottUiConf=&ottEntry=&format1=&format2=,Youbora - VOD - DoubleClick overlay - adError Event - Error response simulation,Analytics - Youbora
6216,http://externaltests.dev.kaltura.com/player/library_Player_V3/smartPages/Player_V3_generic_page.php?cdnUrl=test&parnterId=1091&uiConfId=testReg&entryId=empty&deb=on&stPr1=hls&stPr2=dash&stPr3=progressive&txtLang=default&audioLang=default&a_s=0&adTag=vmPreMidPost&Youbora=on&partnerIdProv=&ottUiConf=&ottEntry=&format1=&format2=,Youbora - VOD - playback with DFP pre-mid-post - adError Event - Error response simulation ,Analytics - Youbora
6217,http://externaltests.dev.kaltura.com/player/library_Player_V3/smartPages/Player_V3_generic_page.php?cdnUrl=test&parnterId=1091&uiConfId=testReg&entryId=empty&deb=on&stPr1=hls&stPr2=dash&stPr3=progressive&txtLang=default&audioLang=default&a_s=0&adTag=vmPreMidPost&Youbora=on&partnerIdProv=&ottUiConf=&ottEntry=&format1=&format2=,Youbora -VOD - playback with DFP pre-mid-post - adClick Event,Analytics - Youbora
6218,http://externaltests.dev.kaltura.com/player/library_Player_V3/smartPages/Player_V3_generic_page.php?cdnUrl=test&parnterId=1091&uiConfId=testReg&entryId=empty&deb=on&stPr1=hls&stPr2=dash&stPr3=progressive&txtLang=default&audioLang=default&a_s=0&adTag=preWithSkip&Youbora=on&partnerIdProv=&ottUiConf=&ottEntry=&format1=&format2=,Youbora - playback with DFP Preroll - Multiple adClick Event,Analytics - Youbora
6219,http://externaltests.dev.kaltura.com/player/library_Player_V3/smartPages/Player_V3_generic_page.php?cdnUrl=test&parnterId=1091&uiConfId=testReg&entryId=empty&deb=on&stPr1=hls&stPr2=dash&stPr3=progressive&txtLang=default&audioLang=default&a_s=0&adTag=noLin&Youbora=on&partnerIdProv=&ottUiConf=&ottEntry=&format1=&format2=,Youbora - VOD - DoubleClick overlay - adClick Event,Analytics - Youbora
6220,http://externaltests.dev.kaltura.com/player/library_Player_V3/smartPages/Player_V3_generic_page.php?cdnUrl=test&parnterId=1091&uiConfId=testReg&entryId=empty&deb=on&stPr1=hls&stPr2=dash&stPr3=progressive&txtLang=default&audioLang=default&a_s=0&adTag=vmPreBum&Youbora=on&partnerIdProv=&ottUiConf=&ottEntry=&format1=&format2=,Youbora - VOD - playback with DFP preroll + bumper - adError Event - Ad Blocker,Analytics - Youbora
6221,http://externaltests.dev.kaltura.com/player/library_Player_V3/smartPages/Player_V3_generic_page.php?cdnUrl=test&parnterId=1091&uiConfId=testReg&entryId=empty&deb=on&stPr1=hls&stPr2=dash&stPr3=progressive&txtLang=default&audioLang=default&a_s=0&adTag=redErr&Youbora=on&partnerIdProv=&ottUiConf=&ottEntry=&format1=&format2=,Youbora - VOD - playback with Redirect Error - adError Event,Analytics - Youbora
6225,http://externaltests.dev.kaltura.com/player/library_Player_V3/smartPages/Player_V3_generic_page.php?cdnUrl=test&partnerId=1091&uiConfId=testReg&entryId=tstBasic&stPr1=dash&stPr2=hls&stPr3=progressive&txtLang=default&audioLang=default&a_s=0&adTag=noAd&Comscore=on,Comscore: DASH VOD playback with Full screen,Analytics - comScoreStreamingTag
6226,http://externaltests.dev.kaltura.com/player/library_Player_V3/smartPages/Player_V3_generic_page.php?cdnUrl=test&partnerId=1091&uiConfId=testReg&entryId=tstBasic&stPr1=progressive&stPr2=hls&stPr3=dash&txtLang=default&audioLang=default&a_s=0&adTag=noAd&Comscore=on,Comscore: PROGRESSIVE VOD playback,Analytics - comScoreStreamingTag
6227,http://externaltests.dev.kaltura.com/player/library_Player_V3/smartPages/Player_V3_generic_page.php?cdnUrl=test&partnerId=198&uiConfId=ott&entryId=ottVod&stPr1=hls&stPr2=dash&stPr3=progressive&txtLang=default&audioLang=default&a_s=0&adTag=noAd&Comscore=on,Comscore: OTT VOD playback,Analytics - comScoreStreamingTag
6228,http://externaltests.dev.kaltura.com/player/library_Player_V3/smartPages/Player_V3_generic_page.php?cdnUrl=test&partnerId=1091&uiConfId=testReg&entryId=tstBasic&stPr1=hls&stPr2=dash&stPr3=progressive&txtLang=default&audioLang=default&a_s=0&preEnb=on&muted=on&MutAutPl=on&plIn=on&adTag=noAd&Comscore=on,Comscore: HLS VOD Preload with Volume Control,Analytics - comScoreStreamingTag
6230,http://externaltests.dev.kaltura.com/player/library_Player_V3/smartPages/Player_V3_generic_page.php?cdnUrl=test&partnerId=1091&uiConfId=testReg&entryId=tstAudEnt2&stPr1=def&stPr2=def&stPr3=def&txtLang=default&audioLang=default&a_s=0&adTag=noLin&Comscore=on,Comscore: HLS VOD Audio with Overlay ,Analytics - comScoreStreamingTag
6271,http://externaltests.dev.kaltura.com/player/library_Player_V3/smartPages/Player_V3_generic_page.php?cdnUrl=test&partnerId=4171&uiConfId=testDrm&entryId=tstFairplay&stPr1=hls&stPr2=dash&stPr3=progressive&txtLang=default&audioLang=default&a_s=0&adTag=noAd&Comscore=on&WMPlace=botRight,Comscore: DRM playback,Analytics - comScoreStreamingTag
,,,
,,,
,,IMA autoPlay/muted flags - no Auto Play ,
